time,Open,High,Low,Close,Volume
2026-04-04 14:30:00+00:00,2050.9,2050.9,2049.76,2050.03,4045.056
2026-04-04 14:35:00+00:00,2050.03,2050.81,2047.74,2048.75,7006.646
2026-04-04 14:40:00+00:00,2048.76,2048.83,2043.0,2048.38,31759.819
2026-04-04 14:45:00+00:00,2048.37,2052.11,2048.16,2049.88,11071.501
2026-04-04 14:50:00+00:00,2049.88,2050.33,2049.77,2049.89,2344.472
2026-04-04 14:55:00+00:00,2049.88,2052.68,2049.7,2052.14,4938.189
2026-04-04 15:00:00+00:00,2052.13,2054.06,2051.39,2054.06,10053.454
2026-04-04 15:05:00+00:00,2054.05,2056.69,2053.14,2055.52,29795.358
2026-04-04 15:10:00+00:00,2055.53,2060.99,2054.0,2055.69,31011.19
2026-04-04 15:15:00+00:00,2055.68,2057.92,2054.63,2056.49,13200.047
2026-04-04 15:20:00+00:00,2056.5,2058.0,2053.33,2053.47,10061.406
2026-04-04 15:25:00+00:00,2053.47,2054.52,2052.21,2053.98,7199.198
2026-04-04 15:30:00+00:00,2053.98,2054.8,2053.55,2053.77,2324.406
2026-04-04 15:35:00+00:00,2053.78,2053.99,2052.69,2053.97,3070.617
2026-04-04 15:40:00+00:00,2053.97,2054.13,2052.51,2053.13,3808.39
2026-04-04 15:45:00+00:00,2053.13,2054.08,2052.12,2053.85,3651.417
2026-04-04 15:50:00+00:00,2053.84,2053.84,2052.86,2053.79,1700.181
2026-04-04 15:55:00+00:00,2053.78,2055.61,2053.78,2055.16,2113.442
2026-04-04 16:00:00+00:00,2055.16,2055.53,2053.67,2053.86,3943.575
2026-04-04 16:05:00+00:00,2053.87,2054.55,2053.76,2053.76,2197.441
2026-04-04 16:10:00+00:00,2053.76,2053.82,2052.51,2053.01,4143.651
2026-04-04 16:15:00+00:00,2053.0,2053.22,2052.61,2052.91,2667.432
2026-04-04 16:20:00+00:00,2052.92,2056.13,2052.3,2055.83,4896.94
2026-04-04 16:25:00+00:00,2055.82,2061.65,2055.37,2058.87,26379.751
2026-04-04 16:30:00+00:00,2058.88,2059.61,2056.02,2057.38,11045.436
2026-04-04 16:35:00+00:00,2057.39,2060.0,2057.38,2058.89,7484.82
2026-04-04 16:40:00+00:00,2058.89,2060.0,2058.05,2058.95,4058.468
2026-04-04 16:45:00+00:00,2058.95,2060.5,2057.78,2058.01,11796.318
2026-04-04 16:50:00+00:00,2058.0,2058.34,2055.44,2056.22,9615.686
2026-04-04 16:55:00+00:00,2056.22,2057.35,2053.95,2054.65,7553.987
2026-04-04 17:00:00+00:00,2054.66,2054.9,2051.74,2052.88,10265.658
2026-04-04 17:05:00+00:00,2052.89,2053.69,2052.4,2053.52,4597.345
2026-04-04 17:10:00+00:00,2053.52,2055.56,2052.8,2055.55,5578.755
2026-04-04 17:15:00+00:00,2055.55,2056.82,2054.67,2054.95,4956.101
2026-04-04 17:20:00+00:00,2054.96,2056.28,2054.62,2056.09,3940.962
2026-04-04 17:25:00+00:00,2056.08,2057.22,2055.55,2056.4,3888.194
2026-04-04 17:30:00+00:00,2056.39,2056.5,2055.89,2055.95,1689.034
2026-04-04 17:35:00+00:00,2055.95,2055.95,2054.16,2054.17,2071.43
2026-04-04 17:40:00+00:00,2054.17,2054.77,2054.16,2054.16,1036.943
2026-04-04 17:45:00+00:00,2054.16,2054.8,2053.82,2054.57,1421.948
2026-04-04 17:50:00+00:00,2054.58,2055.82,2054.57,2055.35,1254.348
2026-04-04 17:55:00+00:00,2055.35,2056.62,2055.02,2055.85,2939.173
2026-04-04 18:00:00+00:00,2055.85,2056.62,2054.88,2055.49,2297.573
2026-04-04 18:05:00+00:00,2055.5,2056.45,2054.94,2056.11,3959.156
2026-04-04 18:10:00+00:00,2056.11,2056.33,2055.39,2055.68,1594.99
2026-04-04 18:15:00+00:00,2055.67,2057.33,2055.67,2057.14,2676.636
2026-04-04 18:20:00+00:00,2057.14,2057.2,2056.55,2057.0,1911.471
2026-04-04 18:25:00+00:00,2057.0,2057.0,2056.0,2056.0,1223.139
2026-04-04 18:30:00+00:00,2056.0,2056.01,2054.3,2054.63,2140.905
2026-04-04 18:35:00+00:00,2054.64,2055.43,2054.64,2055.29,1371.645
2026-04-04 18:40:00+00:00,2055.3,2055.35,2054.36,2054.54,1038.564
2026-04-04 18:45:00+00:00,2054.55,2054.87,2053.75,2054.55,2721.0
2026-04-04 18:50:00+00:00,2054.54,2055.42,2054.36,2055.39,786.037
2026-04-04 18:55:00+00:00,2055.39,2055.39,2054.15,2054.18,993.617
2026-04-04 19:00:00+00:00,2054.17,2059.01,2054.15,2058.71,8679.589
2026-04-04 19:05:00+00:00,2058.71,2067.9,2057.52,2064.14,42876.477
2026-04-04 19:10:00+00:00,2064.15,2078.3,2063.49,2077.69,78749.719
2026-04-04 19:15:00+00:00,2077.69,2083.36,2070.5,2072.12,62273.074
2026-04-04 19:20:00+00:00,2072.11,2072.75,2068.56,2068.98,13231.675
2026-04-04 19:25:00+00:00,2068.98,2069.75,2066.68,2067.43,11784.575
2026-04-04 19:30:00+00:00,2067.43,2069.13,2066.15,2066.97,9216.56
2026-04-04 19:35:00+00:00,2066.98,2067.83,2066.15,2066.87,3389.817
2026-04-04 19:40:00+00:00,2066.88,2067.69,2063.48,2064.01,11425.674
2026-04-04 19:45:00+00:00,2064.0,2065.39,2062.7,2063.97,17442.206
2026-04-04 19:50:00+00:00,2063.97,2067.0,2063.97,2066.49,8509.05
2026-04-04 19:55:00+00:00,2066.49,2066.49,2063.63,2063.77,10831.52
2026-04-04 20:00:00+00:00,2063.77,2064.03,2058.63,2059.29,22600.998
2026-04-04 20:05:00+00:00,2059.3,2061.21,2059.1,2060.93,5525.853
2026-04-04 20:10:00+00:00,2060.93,2061.43,2060.46,2060.66,2419.083
2026-04-04 20:15:00+00:00,2060.65,2062.5,2060.65,2062.31,4414.975
2026-04-04 20:20:00+00:00,2062.3,2062.3,2061.55,2062.18,1183.249
2026-04-04 20:25:00+00:00,2062.19,2063.49,2061.75,2062.82,2131.795
2026-04-04 20:30:00+00:00,2062.83,2062.89,2061.56,2061.97,1654.299
2026-04-04 20:35:00+00:00,2061.96,2063.0,2061.59,2062.76,1796.96
2026-04-04 20:40:00+00:00,2062.77,2063.08,2062.37,2062.4,2302.415
2026-04-04 20:45:00+00:00,2062.41,2062.6,2061.36,2061.61,1620.637
2026-04-04 20:50:00+00:00,2061.61,2061.62,2060.96,2061.38,1146.183
2026-04-04 20:55:00+00:00,2061.39,2061.87,2060.9,2061.87,946.116
2026-04-04 21:00:00+00:00,2061.87,2063.42,2061.86,2062.23,3391.739
2026-04-04 21:05:00+00:00,2062.22,2063.14,2062.19,2063.14,1058.321
2026-04-04 21:10:00+00:00,2063.13,2063.35,2061.66,2062.23,2017.78
2026-04-04 21:15:00+00:00,2062.22,2063.77,2062.22,2063.57,1538.193
2026-04-04 21:20:00+00:00,2063.58,2067.4,2063.32,2064.69,6766.307
2026-04-04 21:25:00+00:00,2064.69,2066.52,2064.64,2066.52,2718.05
2026-04-04 21:30:00+00:00,2066.52,2066.8,2065.62,2065.79,1923.611
2026-04-04 21:35:00+00:00,2065.8,2067.68,2065.25,2067.1,4205.855
2026-04-04 21:40:00+00:00,2067.1,2068.15,2065.16,2066.15,3674.741
2026-04-04 21:45:00+00:00,2066.15,2068.6,2066.14,2068.39,2135.051
2026-04-04 21:50:00+00:00,2068.38,2071.06,2068.11,2069.62,6522.74
2026-04-04 21:55:00+00:00,2069.62,2070.95,2067.05,2067.73,4572.73
2026-04-04 22:00:00+00:00,2067.73,2069.89,2067.3,2069.09,5510.89
2026-04-04 22:05:00+00:00,2069.09,2069.84,2067.72,2068.61,2604.985
2026-04-04 22:10:00+00:00,2068.6,2068.77,2067.45,2068.77,2589.064
2026-04-04 22:15:00+00:00,2068.77,2070.85,2068.49,2070.5,2803.412
2026-04-04 22:20:00+00:00,2070.5,2071.46,2068.91,2070.91,3362.593
2026-04-04 22:25:00+00:00,2070.9,2071.08,2069.67,2070.14,3854.33
2026-04-04 22:30:00+00:00,2070.14,2070.5,2068.15,2069.21,2493.841
2026-04-04 22:35:00+00:00,2069.22,2069.45,2068.75,2068.75,1401.273
2026-04-04 22:40:00+00:00,2068.76,2070.66,2068.51,2070.65,1975.354
2026-04-04 22:45:00+00:00,2070.66,2070.7,2067.7,2068.97,4401.876
2026-04-04 22:50:00+00:00,2068.99,2069.08,2067.67,2068.38,2221.917
2026-04-04 22:55:00+00:00,2068.38,2068.42,2067.72,2068.04,1401.934
2026-04-04 23:00:00+00:00,2068.04,2068.24,2065.62,2066.3,6801.797
2026-04-04 23:05:00+00:00,2066.31,2067.03,2064.53,2066.76,5352.254
2026-04-04 23:10:00+00:00,2066.76,2066.76,2064.92,2065.05,1760.307
2026-04-04 23:15:00+00:00,2065.05,2065.08,2064.22,2064.68,2128.867
2026-04-04 23:20:00+00:00,2064.67,2064.86,2064.29,2064.3,1312.239
2026-04-04 23:25:00+00:00,2064.29,2064.3,2063.1,2063.1,2020.177
2026-04-04 23:30:00+00:00,2063.11,2064.0,2063.07,2063.28,1973.309
2026-04-04 23:35:00+00:00,2063.29,2063.29,2062.16,2062.32,2726.876
2026-04-04 23:40:00+00:00,2062.31,2062.99,2061.61,2062.99,3153.413
2026-04-04 23:45:00+00:00,2062.98,2063.1,2061.62,2062.59,4508.844
2026-04-04 23:50:00+00:00,2062.58,2066.38,2062.05,2064.12,6864.778
2026-04-04 23:55:00+00:00,2064.12,2064.78,2063.56,2064.43,3151.79
2026-04-05 00:00:00+00:00,2064.43,2064.59,2063.22,2063.23,3069.382
2026-04-05 00:05:00+00:00,2063.23,2063.87,2062.97,2063.86,1766.654
2026-04-05 00:10:00+00:00,2063.87,2063.87,2062.05,2062.06,2166.443
2026-04-05 00:15:00+00:00,2062.05,2062.66,2061.95,2062.22,3511.84
2026-04-05 00:20:00+00:00,2062.22,2062.98,2061.76,2062.68,2064.768
2026-04-05 00:25:00+00:00,2062.67,2064.17,2062.36,2063.62,2495.474
2026-04-05 00:30:00+00:00,2063.61,2063.62,2062.67,2062.68,2704.984
2026-04-05 00:35:00+00:00,2062.68,2063.41,2062.6,2063.41,985.898
2026-04-05 00:40:00+00:00,2063.41,2064.57,2063.06,2064.14,1697.784
2026-04-05 00:45:00+00:00,2064.13,2064.6,2062.41,2062.41,3299.493
2026-04-05 00:50:00+00:00,2062.41,2062.42,2060.5,2061.6,3801.763
2026-04-05 00:55:00+00:00,2061.6,2061.6,2059.2,2061.27,4998.571
2026-04-05 01:00:00+00:00,2061.28,2061.6,2058.05,2059.32,8922.829
2026-04-05 01:05:00+00:00,2059.33,2059.91,2056.01,2058.34,11346.804
2026-04-05 01:10:00+00:00,2058.34,2060.18,2057.59,2059.69,3026.28
2026-04-05 01:15:00+00:00,2059.68,2059.69,2058.66,2058.67,1543.068
2026-04-05 01:20:00+00:00,2058.67,2059.49,2057.46,2058.25,2634.954
2026-04-05 01:25:00+00:00,2058.24,2058.82,2057.37,2058.26,3445.273
2026-04-05 01:30:00+00:00,2058.26,2058.44,2057.0,2058.09,5165.85
2026-04-05 01:35:00+00:00,2058.08,2058.09,2056.7,2056.7,2136.156
2026-04-05 01:40:00+00:00,2056.71,2057.74,2056.26,2057.13,2778.504
2026-04-05 01:45:00+00:00,2057.13,2057.84,2057.09,2057.83,1975.923
2026-04-05 01:50:00+00:00,2057.84,2058.19,2056.44,2056.44,1832.224
2026-04-05 01:55:00+00:00,2056.44,2057.01,2056.37,2056.4,2585.154
2026-04-05 02:00:00+00:00,2056.39,2056.39,2052.65,2055.13,13401.555
2026-04-05 02:05:00+00:00,2055.12,2055.61,2053.81,2054.11,4115.243
2026-04-05 02:10:00+00:00,2054.12,2054.66,2053.27,2053.65,3711.047
2026-04-05 02:15:00+00:00,2053.65,2057.08,2053.65,2056.67,6950.139
2026-04-05 02:20:00+00:00,2056.67,2057.91,2056.27,2057.69,5574.601
2026-04-05 02:25:00+00:00,2057.68,2058.66,2056.91,2057.48,5153.558
2026-04-05 02:30:00+00:00,2057.48,2059.18,2056.82,2058.26,2961.454
2026-04-05 02:35:00+00:00,2058.26,2058.4,2057.57,2057.97,2525.472
2026-04-05 02:40:00+00:00,2057.98,2057.98,2057.41,2057.47,1114.022
2026-04-05 02:45:00+00:00,2057.47,2057.72,2057.13,2057.3,1432.386
2026-04-05 02:50:00+00:00,2057.3,2058.54,2057.29,2058.43,2602.469
2026-04-05 02:55:00+00:00,2058.43,2059.2,2058.28,2058.98,2718.953
2026-04-05 03:00:00+00:00,2058.98,2059.99,2058.67,2058.81,2892.41
2026-04-05 03:05:00+00:00,2058.82,2059.02,2058.29,2059.02,1893.434
2026-04-05 03:10:00+00:00,2059.01,2059.27,2058.69,2059.27,1399.285
2026-04-05 03:15:00+00:00,2059.27,2059.27,2057.08,2057.09,1669.9
2026-04-05 03:20:00+00:00,2057.09,2057.61,2056.34,2057.6,2111.046
2026-04-05 03:25:00+00:00,2057.6,2057.61,2057.27,2057.27,658.012
2026-04-05 03:30:00+00:00,2057.28,2057.28,2054.54,2054.78,4130.037
2026-04-05 03:35:00+00:00,2054.79,2055.05,2054.25,2055.05,1864.966
2026-04-05 03:40:00+00:00,2055.05,2056.13,2054.82,2056.06,1381.855
2026-04-05 03:45:00+00:00,2056.06,2056.78,2055.58,2055.79,2139.925
2026-04-05 03:50:00+00:00,2055.8,2055.8,2054.76,2055.39,1934.829
2026-04-05 03:55:00+00:00,2055.4,2055.7,2055.02,2055.69,1611.011
2026-04-05 04:00:00+00:00,2055.69,2055.7,2054.76,2055.3,1831.499
2026-04-05 04:05:00+00:00,2055.29,2055.3,2054.1,2054.53,1977.666
2026-04-05 04:10:00+00:00,2054.52,2054.53,2053.01,2053.64,3452.443
2026-04-05 04:15:00+00:00,2053.65,2055.18,2053.19,2054.79,4779.732
2026-04-05 04:20:00+00:00,2054.78,2055.29,2054.71,2054.93,1730.946
2026-04-05 04:25:00+00:00,2054.93,2057.19,2054.92,2057.0,2455.511
2026-04-05 04:30:00+00:00,2057.01,2057.01,2055.42,2055.43,2850.534
2026-04-05 04:35:00+00:00,2055.43,2055.9,2054.85,2055.02,1822.072
2026-04-05 04:40:00+00:00,2055.02,2055.03,2053.83,2054.28,1814.076
2026-04-05 04:45:00+00:00,2054.28,2054.49,2053.33,2053.33,1652.632
2026-04-05 04:50:00+00:00,2053.33,2054.36,2053.33,2053.88,1391.982
2026-04-05 04:55:00+00:00,2053.88,2055.71,2053.7,2054.25,2492.455
2026-04-05 05:00:00+00:00,2054.25,2055.31,2053.8,2054.49,2513.375
2026-04-05 05:05:00+00:00,2054.49,2055.22,2054.28,2055.17,1146.893
2026-04-05 05:10:00+00:00,2055.17,2055.88,2053.33,2053.55,3978.77
2026-04-05 05:15:00+00:00,2053.56,2053.92,2052.74,2052.75,3309.515
2026-04-05 05:20:00+00:00,2052.74,2052.75,2050.08,2052.01,14660.304
2026-04-05 05:25:00+00:00,2052.01,2052.38,2051.47,2051.92,2330.159
2026-04-05 05:30:00+00:00,2051.93,2052.6,2051.44,2052.36,3518.436
2026-04-05 05:35:00+00:00,2052.36,2052.36,2050.79,2051.51,3048.611
2026-04-05 05:40:00+00:00,2051.52,2052.23,2051.31,2052.22,1172.985
2026-04-05 05:45:00+00:00,2052.21,2052.63,2051.98,2052.14,2122.519
2026-04-05 05:50:00+00:00,2052.13,2052.14,2046.42,2048.61,22877.505
2026-04-05 05:55:00+00:00,2048.6,2048.61,2046.0,2047.74,9614.843
2026-04-05 06:00:00+00:00,2047.74,2048.11,2046.06,2047.0,12211.421
2026-04-05 06:05:00+00:00,2047.01,2047.13,2036.67,2037.77,53906.016
2026-04-05 06:10:00+00:00,2037.78,2038.25,2030.27,2031.88,76383.414
2026-04-05 06:15:00+00:00,2031.88,2032.01,2026.32,2029.28,71037.714
2026-04-05 06:20:00+00:00,2029.28,2036.94,2028.42,2033.01,38114.349
2026-04-05 06:25:00+00:00,2033.01,2034.63,2031.92,2034.24,11856.606
2026-04-05 06:30:00+00:00,2034.23,2038.4,2033.52,2037.4,21169.263
2026-04-05 06:35:00+00:00,2037.4,2039.19,2035.0,2038.1,13862.975
2026-04-05 06:40:00+00:00,2038.1,2038.8,2037.2,2038.21,5394.796
2026-04-05 06:45:00+00:00,2038.22,2039.03,2037.02,2037.81,5013.722
2026-04-05 06:50:00+00:00,2037.82,2038.99,2037.28,2037.28,4700.108
2026-04-05 06:55:00+00:00,2037.28,2038.59,2037.24,2037.25,4225.53
2026-04-05 07:00:00+00:00,2037.24,2041.58,2037.24,2038.84,19122.72
2026-04-05 07:05:00+00:00,2038.84,2040.3,2038.7,2038.93,4815.263
2026-04-05 07:10:00+00:00,2038.93,2041.25,2038.73,2040.64,6000.963
2026-04-05 07:15:00+00:00,2040.65,2041.58,2038.23,2040.22,15067.402
2026-04-05 07:20:00+00:00,2040.21,2040.56,2039.32,2039.32,3666.564
2026-04-05 07:25:00+00:00,2039.32,2039.39,2037.79,2038.9,5612.076
2026-04-05 07:30:00+00:00,2038.89,2039.12,2034.53,2035.7,15020.089
2026-04-05 07:35:00+00:00,2035.69,2035.7,2033.01,2034.0,7026.887
2026-04-05 07:40:00+00:00,2034.0,2035.71,2033.99,2035.01,4151.407
2026-04-05 07:45:00+00:00,2035.02,2037.0,2033.69,2034.21,10356.764
2026-04-05 07:50:00+00:00,2034.21,2035.7,2033.94,2035.54,3383.216
2026-04-05 07:55:00+00:00,2035.54,2036.78,2035.54,2036.0,3361.566
2026-04-05 08:00:00+00:00,2036.0,2037.59,2034.57,2035.96,6487.701
2026-04-05 08:05:00+00:00,2035.96,2037.1,2035.54,2036.71,1818.596
2026-04-05 08:10:00+00:00,2036.71,2037.8,2036.7,2037.21,2330.449
2026-04-05 08:15:00+00:00,2037.21,2038.17,2036.7,2037.92,3469.129
2026-04-05 08:20:00+00:00,2037.92,2038.33,2037.08,2037.08,2995.317
2026-04-05 08:25:00+00:00,2037.09,2037.09,2036.09,2036.39,2083.663
2026-04-05 08:30:00+00:00,2036.4,2037.22,2036.09,2037.22,1623.458
2026-04-05 08:35:00+00:00,2037.22,2037.8,2036.78,2037.8,2468.925
2026-04-05 08:40:00+00:00,2037.8,2038.36,2036.11,2036.5,2986.447
2026-04-05 08:45:00+00:00,2036.49,2037.07,2036.49,2037.0,1147.431
2026-04-05 08:50:00+00:00,2037.01,2037.16,2036.55,2036.55,2293.545
2026-04-05 08:55:00+00:00,2036.55,2039.04,2036.45,2038.06,5202.261
2026-04-05 09:00:00+00:00,2038.06,2040.43,2037.72,2040.04,8106.471
2026-04-05 09:05:00+00:00,2040.05,2041.24,2038.15,2039.08,5201.753
2026-04-05 09:10:00+00:00,2039.08,2039.34,2038.48,2039.1,2163.706
2026-04-05 09:15:00+00:00,2039.11,2040.8,2039.0,2040.45,4522.481
2026-04-05 09:20:00+00:00,2040.46,2043.25,2040.29,2043.13,9361.24
2026-04-05 09:25:00+00:00,2043.12,2043.8,2042.32,2042.83,7528.286
2026-04-05 09:30:00+00:00,2042.83,2043.0,2041.91,2042.49,3686.679
2026-04-05 09:35:00+00:00,2042.5,2043.59,2041.82,2043.0,4301.662
2026-04-05 09:40:00+00:00,2043.01,2044.71,2043.0,2044.36,7020.666
2026-04-05 09:45:00+00:00,2044.35,2044.59,2043.93,2044.58,3518.455
2026-04-05 09:50:00+00:00,2044.59,2044.93,2044.0,2044.01,2440.79
2026-04-05 09:55:00+00:00,2044.0,2044.0,2042.9,2043.22,5425.318
2026-04-05 10:00:00+00:00,2043.23,2043.8,2042.25,2043.03,5079.719
2026-04-05 10:05:00+00:00,2043.04,2044.57,2043.03,2043.56,3362.697
2026-04-05 10:10:00+00:00,2043.55,2044.03,2042.0,2042.22,4648.543
2026-04-05 10:15:00+00:00,2042.22,2042.87,2041.09,2042.38,5988.424
2026-04-05 10:20:00+00:00,2042.38,2043.21,2042.16,2042.8,2151.961
2026-04-05 10:25:00+00:00,2042.79,2044.12,2042.79,2044.11,1865.441
2026-04-05 10:30:00+00:00,2044.12,2044.61,2043.36,2044.35,1577.258
2026-04-05 10:35:00+00:00,2044.36,2051.83,2044.35,2047.89,30638.936
2026-04-05 10:40:00+00:00,2047.89,2048.31,2045.25,2046.09,11592.414
2026-04-05 10:45:00+00:00,2046.09,2046.1,2043.7,2043.79,4438.079
2026-04-05 10:50:00+00:00,2043.79,2044.16,2042.79,2043.51,3580.826
2026-04-05 10:55:00+00:00,2043.51,2043.83,2043.37,2043.65,1470.557
2026-04-05 11:00:00+00:00,2043.64,2043.97,2041.8,2042.87,5144.651
2026-04-05 11:05:00+00:00,2042.88,2043.88,2042.86,2043.88,2591.3
2026-04-05 11:10:00+00:00,2043.88,2044.88,2043.82,2043.82,3572.85
2026-04-05 11:15:00+00:00,2043.83,2044.85,2043.5,2043.73,3604.67
2026-04-05 11:20:00+00:00,2043.73,2044.53,2043.16,2043.16,1542.948
2026-04-05 11:25:00+00:00,2043.17,2043.17,2040.5,2041.59,7226.786
2026-04-05 11:30:00+00:00,2041.6,2042.0,2040.87,2041.49,3043.426
2026-04-05 11:35:00+00:00,2041.5,2041.5,2039.35,2040.76,5668.056
2026-04-05 11:40:00+00:00,2040.75,2040.96,2040.17,2040.25,2791.775
2026-04-05 11:45:00+00:00,2040.26,2041.0,2039.55,2040.67,2352.191
2026-04-05 11:50:00+00:00,2040.68,2041.52,2040.67,2041.52,1941.926
2026-04-05 11:55:00+00:00,2041.52,2041.52,2040.87,2040.88,1579.899
2026-04-05 12:00:00+00:00,2040.88,2040.89,2037.42,2037.43,11540.812
2026-04-05 12:05:00+00:00,2037.42,2039.86,2037.27,2039.29,8089.264
2026-04-05 12:10:00+00:00,2039.3,2039.3,2037.08,2037.74,5909.013
2026-04-05 12:15:00+00:00,2037.74,2039.0,2037.5,2038.53,2549.279
2026-04-05 12:20:00+00:00,2038.54,2038.54,2037.07,2037.95,2315.951
2026-04-05 12:25:00+00:00,2037.96,2037.96,2036.2,2036.31,4251.868
2026-04-05 12:30:00+00:00,2036.3,2036.85,2028.01,2028.89,48436.847
2026-04-05 12:35:00+00:00,2028.9,2029.0,2022.24,2024.19,86304.33
2026-04-05 12:40:00+00:00,2024.19,2025.76,2020.61,2023.59,42178.773
2026-04-05 12:45:00+00:00,2023.59,2023.9,2021.69,2023.75,19146.104
2026-04-05 12:50:00+00:00,2023.75,2027.77,2023.71,2027.48,30590.484
2026-04-05 12:55:00+00:00,2027.48,2028.32,2026.85,2026.96,10224.599
2026-04-05 13:00:00+00:00,2026.95,2029.5,2026.54,2029.3,12913.998
2026-04-05 13:05:00+00:00,2029.3,2029.3,2027.75,2028.53,5727.039
2026-04-05 13:10:00+00:00,2028.52,2028.88,2024.92,2025.38,7808.626
2026-04-05 13:15:00+00:00,2025.38,2027.47,2024.92,2027.4,6521.053
2026-04-05 13:20:00+00:00,2027.41,2031.85,2027.12,2030.0,13739.875
2026-04-05 13:25:00+00:00,2030.0,2030.0,2024.31,2024.61,12029.236
2026-04-05 13:30:00+00:00,2024.61,2029.99,2024.3,2028.75,15500.986
2026-04-05 13:35:00+00:00,2028.74,2029.4,2027.48,2029.02,3954.671
2026-04-05 13:40:00+00:00,2029.02,2029.12,2027.35,2028.6,5619.931
2026-04-05 13:45:00+00:00,2028.59,2031.47,2028.46,2031.44,8376.527
2026-04-05 13:50:00+00:00,2031.45,2035.4,2031.44,2032.35,23311.155
2026-04-05 13:55:00+00:00,2032.36,2036.99,2031.71,2035.44,26503.348
2026-04-05 14:00:00+00:00,2035.44,2041.06,2033.65,2040.57,49898.147
2026-04-05 14:05:00+00:00,2040.57,2040.96,2037.62,2038.02,11746.055
2026-04-05 14:10:00+00:00,2038.02,2038.03,2034.53,2035.45,9416.846
2026-04-05 14:15:00+00:00,2035.44,2037.0,2034.2,2036.92,6601.807
2026-04-05 14:20:00+00:00,2036.93,2038.5,2036.51,2038.0,3102.558
2026-04-05 14:25:00+00:00,2038.0,2040.0,2038.0,2038.89,4333.017
2026-04-05 14:30:00+00:00,2038.9,2039.9,2037.26,2038.0,4981.655
2026-04-05 14:35:00+00:00,2038.0,2040.96,2038.0,2039.88,7765.853
2026-04-05 14:40:00+00:00,2039.89,2042.3,2039.17,2039.66,7436.446
2026-04-05 14:45:00+00:00,2039.65,2039.79,2038.0,2038.33,5390.667
2026-04-05 14:50:00+00:00,2038.32,2038.92,2037.9,2037.9,2177.358
2026-04-05 14:55:00+00:00,2037.9,2037.91,2036.8,2037.36,3518.967
2026-04-05 15:00:00+00:00,2037.37,2038.31,2035.72,2037.0,8052.071
2026-04-05 15:05:00+00:00,2037.0,2037.74,2033.07,2037.74,16741.139
2026-04-05 15:10:00+00:00,2037.74,2040.72,2037.74,2039.62,9491.381
2026-04-05 15:15:00+00:00,2039.62,2042.3,2039.27,2040.79,6467.086
2026-04-05 15:20:00+00:00,2040.79,2041.76,2039.09,2040.04,5017.43
2026-04-05 15:25:00+00:00,2040.05,2063.0,2039.52,2059.97,151614.651
2026-04-05 15:30:00+00:00,2059.97,2069.25,2056.31,2057.05,93254.863
2026-04-05 15:35:00+00:00,2057.05,2059.12,2054.19,2055.55,26319.238
2026-04-05 15:40:00+00:00,2055.55,2058.64,2052.27,2058.64,23593.374
2026-04-05 15:45:00+00:00,2058.64,2059.0,2054.5,2055.8,16463.399
2026-04-05 15:50:00+00:00,2055.81,2058.0,2055.02,2055.49,11237.329
2026-04-05 15:55:00+00:00,2055.49,2055.54,2052.01,2053.13,12491.452
2026-04-05 16:00:00+00:00,2053.12,2056.0,2053.12,2054.89,8177.762
2026-04-05 16:05:00+00:00,2054.89,2056.24,2052.4,2054.64,10728.788
2026-04-05 16:10:00+00:00,2054.63,2057.76,2053.97,2054.67,9384.505
2026-04-05 16:15:00+00:00,2054.67,2056.63,2054.15,2055.75,4580.612
2026-04-05 16:20:00+00:00,2055.74,2056.2,2055.0,2055.62,2991.083
2026-04-05 16:25:00+00:00,2055.62,2056.74,2053.78,2053.79,5729.269
2026-04-05 16:30:00+00:00,2053.79,2058.5,2053.21,2056.65,7079.626
2026-04-05 16:35:00+00:00,2056.66,2057.29,2055.0,2055.39,4138.494
2026-04-05 16:40:00+00:00,2055.39,2055.58,2053.01,2055.26,5978.448
2026-04-05 16:45:00+00:00,2055.26,2055.26,2052.36,2052.61,9295.428
2026-04-05 16:50:00+00:00,2052.62,2053.37,2048.76,2050.17,16969.147
2026-04-05 16:55:00+00:00,2050.17,2051.4,2049.02,2051.24,6861.047
2026-04-05 17:00:00+00:00,2051.25,2052.04,2047.04,2049.81,10820.95
2026-04-05 17:05:00+00:00,2049.81,2054.98,2049.8,2054.2,10446.178
2026-04-05 17:10:00+00:00,2054.19,2056.2,2054.07,2055.01,5264.895
2026-04-05 17:15:00+00:00,2055.01,2055.3,2051.91,2052.05,3885.338
2026-04-05 17:20:00+00:00,2052.04,2052.5,2050.69,2052.49,4167.359
2026-04-05 17:25:00+00:00,2052.5,2055.84,2052.24,2055.2,3454.811
2026-04-05 17:30:00+00:00,2055.2,2055.61,2054.04,2054.23,3891.095
2026-04-05 17:35:00+00:00,2054.22,2056.41,2053.96,2056.38,5762.181
2026-04-05 17:40:00+00:00,2056.38,2059.95,2055.42,2059.86,16651.746
2026-04-05 17:45:00+00:00,2059.85,2061.44,2057.39,2059.9,26550.342
2026-04-05 17:50:00+00:00,2059.9,2061.24,2057.44,2060.08,15566.799
2026-04-05 17:55:00+00:00,2060.09,2061.45,2059.88,2061.31,9355.883
2026-04-05 18:00:00+00:00,2061.31,2061.78,2057.79,2059.91,11113.087
2026-04-05 18:05:00+00:00,2059.91,2060.0,2058.36,2058.8,5272.361
2026-04-05 18:10:00+00:00,2058.81,2059.82,2055.84,2057.76,13709.897
2026-04-05 18:15:00+00:00,2057.76,2058.69,2057.0,2057.01,3958.423
2026-04-05 18:20:00+00:00,2057.01,2057.89,2056.92,2057.64,1399.1
2026-04-05 18:25:00+00:00,2057.65,2057.65,2056.64,2056.77,2478.89
2026-04-05 18:30:00+00:00,2056.77,2063.24,2056.77,2061.42,10859.639
2026-04-05 18:35:00+00:00,2061.42,2064.42,2060.82,2063.54,6568.823
2026-04-05 18:40:00+00:00,2063.54,2065.96,2061.96,2063.9,13413.694
2026-04-05 18:45:00+00:00,2063.9,2065.71,2063.12,2063.12,8357.135
2026-04-05 18:50:00+00:00,2063.11,2063.11,2061.0,2061.8,6273.929
2026-04-05 18:55:00+00:00,2061.81,2061.92,2060.59,2061.92,2514.195
2026-04-05 19:00:00+00:00,2061.92,2061.94,2060.86,2060.86,2252.745
2026-04-05 19:05:00+00:00,2060.86,2062.61,2060.86,2062.07,3654.306
2026-04-05 19:10:00+00:00,2062.07,2062.85,2060.96,2062.13,3522.894
2026-04-05 19:15:00+00:00,2062.14,2066.42,2061.67,2066.42,8399.848
2026-04-05 19:20:00+00:00,2066.42,2068.88,2065.0,2068.53,15540.879
2026-04-05 19:25:00+00:00,2068.53,2068.88,2065.0,2065.52,4686.013
2026-04-05 19:30:00+00:00,2065.52,2065.52,2062.81,2063.41,4892.595
2026-04-05 19:35:00+00:00,2063.4,2063.41,2058.34,2059.15,10537.167
2026-04-05 19:40:00+00:00,2059.15,2059.86,2057.36,2057.97,7130.005
2026-04-05 19:45:00+00:00,2057.98,2058.4,2056.88,2056.88,4298.303
2026-04-05 19:50:00+00:00,2056.88,2059.1,2056.88,2058.86,4901.57
2026-04-05 19:55:00+00:00,2058.86,2061.0,2058.86,2060.99,4467.076
2026-04-05 20:00:00+00:00,2061.0,2063.31,2060.94,2061.42,5173.088
2026-04-05 20:05:00+00:00,2061.41,2062.73,2060.52,2061.37,3175.345
2026-04-05 20:10:00+00:00,2061.38,2062.21,2060.8,2061.88,1840.205
2026-04-05 20:15:00+00:00,2061.87,2062.3,2061.87,2062.07,1003.484
2026-04-05 20:20:00+00:00,2062.06,2065.48,2062.06,2065.07,4360.308
2026-04-05 20:25:00+00:00,2065.07,2065.66,2064.0,2064.65,6315.96
2026-04-05 20:30:00+00:00,2064.65,2065.0,2064.24,2064.79,3106.396
2026-04-05 20:35:00+00:00,2064.79,2074.58,2063.86,2071.73,41755.683
2026-04-05 20:40:00+00:00,2071.74,2072.37,2066.04,2066.24,12442.053
2026-04-05 20:45:00+00:00,2066.24,2069.53,2065.82,2069.29,6368.015
2026-04-05 20:50:00+00:00,2069.3,2069.65,2067.2,2068.19,3490.645
2026-04-05 20:55:00+00:00,2068.2,2068.74,2067.11,2067.89,2464.015
2026-04-05 21:00:00+00:00,2067.9,2068.0,2064.27,2066.51,9987.804
2026-04-05 21:05:00+00:00,2066.5,2067.32,2065.84,2066.56,3974.265
2026-04-05 21:10:00+00:00,2066.56,2066.95,2058.05,2059.66,19697.069
2026-04-05 21:15:00+00:00,2059.66,2061.17,2059.0,2059.17,7499.974
2026-04-05 21:20:00+00:00,2059.17,2060.21,2058.81,2059.8,2746.028
2026-04-05 21:25:00+00:00,2059.8,2059.9,2057.05,2059.47,7502.789
2026-04-05 21:30:00+00:00,2059.47,2059.8,2057.99,2058.18,3766.404
2026-04-05 21:35:00+00:00,2058.17,2058.72,2057.49,2058.27,2700.843
2026-04-05 21:40:00+00:00,2058.27,2060.0,2055.81,2059.0,5829.646
2026-04-05 21:45:00+00:00,2058.99,2061.92,2058.07,2061.9,5887.644
2026-04-05 21:50:00+00:00,2061.91,2064.93,2061.6,2064.41,4822.352
2026-04-05 21:55:00+00:00,2064.41,2064.76,2058.34,2059.14,5680.101
2026-04-05 22:00:00+00:00,2059.15,2066.75,2055.81,2065.4,22136.445
2026-04-05 22:05:00+00:00,2065.4,2065.7,2059.76,2061.9,9401.39
2026-04-05 22:10:00+00:00,2061.91,2062.14,2048.89,2053.86,36326.704
2026-04-05 22:15:00+00:00,2053.86,2056.0,2052.74,2053.46,7167.049
2026-04-05 22:20:00+00:00,2053.46,2054.27,2048.66,2051.17,13936.767
2026-04-05 22:25:00+00:00,2051.16,2053.0,2048.88,2053.0,6379.593
2026-04-05 22:30:00+00:00,2052.99,2058.18,2051.8,2054.44,9145.031
2026-04-05 22:35:00+00:00,2054.43,2060.31,2053.07,2060.31,7076.647
2026-04-05 22:40:00+00:00,2060.31,2071.66,2058.9,2069.38,33685.704
2026-04-05 22:45:00+00:00,2069.37,2078.8,2068.77,2074.56,52891.035
2026-04-05 22:50:00+00:00,2074.57,2081.0,2074.49,2075.73,54594.22
2026-04-05 22:55:00+00:00,2075.72,2087.92,2075.32,2084.99,57923.696
2026-04-05 23:00:00+00:00,2084.99,2091.69,2081.0,2083.19,66483.65
2026-04-05 23:05:00+00:00,2083.2,2096.0,2082.77,2087.79,39103.913
2026-04-05 23:10:00+00:00,2087.79,2096.78,2087.58,2096.4,25806.296
2026-04-05 23:15:00+00:00,2096.4,2118.0,2095.99,2110.9,146930.321
2026-04-05 23:20:00+00:00,2110.9,2115.18,2106.16,2107.51,35262.834
2026-04-05 23:25:00+00:00,2107.5,2111.92,2106.38,2107.24,16958.29
2026-04-05 23:30:00+00:00,2107.23,2123.23,2106.75,2120.35,68359.391
2026-04-05 23:35:00+00:00,2120.35,2121.0,2114.02,2114.57,21200.655
2026-04-05 23:40:00+00:00,2114.57,2115.64,2108.51,2110.32,26099.401
2026-04-05 23:45:00+00:00,2110.32,2115.51,2109.37,2110.36,13807.392
2026-04-05 23:50:00+00:00,2110.35,2113.0,2107.39,2109.32,17126.423
2026-04-05 23:55:00+00:00,2109.32,2110.47,2107.99,2109.35,9543.849
2026-04-06 00:00:00+00:00,2109.36,2135.0,2109.36,2119.99,131032.663
2026-04-06 00:05:00+00:00,2120.0,2125.58,2118.72,2119.62,32679.258
2026-04-06 00:10:00+00:00,2119.61,2120.11,2115.73,2118.73,19197.26
2026-04-06 00:15:00+00:00,2118.73,2124.8,2118.19,2119.77,24107.422
2026-04-06 00:20:00+00:00,2119.76,2123.29,2114.38,2122.76,17067.96
2026-04-06 00:25:00+00:00,2122.76,2123.74,2119.23,2122.15,18575.023
2026-04-06 00:30:00+00:00,2122.15,2127.59,2119.73,2120.1,23958.137
2026-04-06 00:35:00+00:00,2120.09,2123.22,2119.19,2122.18,14259.528
2026-04-06 00:40:00+00:00,2122.18,2131.28,2121.43,2127.62,27753.285
2026-04-06 00:45:00+00:00,2127.61,2128.99,2123.69,2123.83,15463.441
2026-04-06 00:50:00+00:00,2123.84,2125.22,2120.98,2120.98,10219.894
2026-04-06 00:55:00+00:00,2120.98,2122.9,2120.5,2121.14,9202.799
2026-04-06 01:00:00+00:00,2121.15,2123.85,2116.62,2117.24,25393.588
2026-04-06 01:05:00+00:00,2117.24,2120.61,2115.33,2117.87,16282.965
2026-04-06 01:10:00+00:00,2117.88,2119.92,2114.31,2114.96,14561.206
2026-04-06 01:15:00+00:00,2114.97,2117.51,2113.02,2114.36,19453.634
2026-04-06 01:20:00+00:00,2114.36,2116.0,2111.49,2113.86,17136.719
2026-04-06 01:25:00+00:00,2113.86,2119.38,2113.85,2118.73,11885.889
2026-04-06 01:30:00+00:00,2118.74,2119.49,2113.45,2115.46,15217.912
2026-04-06 01:35:00+00:00,2115.47,2119.68,2115.01,2117.76,10339.725
2026-04-06 01:40:00+00:00,2117.75,2117.9,2113.95,2114.81,7363.401
2026-04-06 01:45:00+00:00,2114.81,2118.13,2114.52,2114.75,8519.635
2026-04-06 01:50:00+00:00,2114.75,2117.93,2114.18,2114.19,5576.737
2026-04-06 01:55:00+00:00,2114.18,2116.29,2113.5,2114.3,6050.239
2026-04-06 02:00:00+00:00,2114.3,2118.9,2113.64,2118.26,8256.798
2026-04-06 02:05:00+00:00,2118.25,2121.57,2116.53,2120.86,11287.103
2026-04-06 02:10:00+00:00,2120.86,2147.73,2119.65,2132.56,114052.512
2026-04-06 02:15:00+00:00,2132.57,2138.87,2131.14,2136.72,26530.898
2026-04-06 02:20:00+00:00,2136.72,2139.93,2132.74,2133.49,20769.323
2026-04-06 02:25:00+00:00,2133.49,2135.41,2129.27,2134.17,19043.427
2026-04-06 02:30:00+00:00,2134.17,2140.93,2134.17,2137.74,26662.955
2026-04-06 02:35:00+00:00,2137.74,2138.05,2133.02,2135.09,13096.868
2026-04-06 02:40:00+00:00,2135.09,2135.1,2130.77,2132.93,13703.938
2026-04-06 02:45:00+00:00,2132.93,2136.74,2132.39,2133.1,12157.305
2026-04-06 02:50:00+00:00,2133.09,2134.0,2131.52,2132.48,7825.875
2026-04-06 02:55:00+00:00,2132.48,2133.69,2132.01,2132.65,5590.641
2026-04-06 03:00:00+00:00,2132.64,2133.89,2132.27,2132.67,7082.771
2026-04-06 03:05:00+00:00,2132.66,2134.36,2130.55,2132.31,9152.489
2026-04-06 03:10:00+00:00,2132.31,2136.25,2130.25,2130.9,14311.424
2026-04-06 03:15:00+00:00,2130.9,2133.0,2128.17,2128.34,17094.275
2026-04-06 03:20:00+00:00,2128.33,2136.28,2127.53,2134.82,16056.616
2026-04-06 03:25:00+00:00,2134.82,2136.45,2134.45,2134.61,5111.116
2026-04-06 03:30:00+00:00,2134.62,2136.33,2133.34,2133.64,6415.675
2026-04-06 03:35:00+00:00,2133.65,2135.17,2132.46,2132.81,4837.191
2026-04-06 03:40:00+00:00,2132.81,2132.81,2129.37,2130.77,7688.152
2026-04-06 03:45:00+00:00,2130.77,2132.2,2129.5,2129.99,6915.62
2026-04-06 03:50:00+00:00,2129.99,2130.93,2125.6,2126.26,16095.089
2026-04-06 03:55:00+00:00,2126.26,2128.38,2126.08,2128.38,6546.662
2026-04-06 04:00:00+00:00,2128.38,2133.47,2128.37,2133.2,16528.045
2026-04-06 04:05:00+00:00,2133.19,2133.22,2125.67,2125.84,10531.622
2026-04-06 04:10:00+00:00,2125.85,2127.71,2124.38,2127.7,9342.06
2026-04-06 04:15:00+00:00,2127.7,2127.92,2124.72,2124.72,6534.527
2026-04-06 04:20:00+00:00,2124.73,2126.46,2124.0,2125.11,9182.71
2026-04-06 04:25:00+00:00,2125.11,2126.61,2125.01,2126.44,3903.047
2026-04-06 04:30:00+00:00,2126.44,2127.99,2125.6,2127.8,5479.224
2026-04-06 04:35:00+00:00,2127.79,2133.9,2127.79,2132.45,21952.332
2026-04-06 04:40:00+00:00,2132.45,2133.39,2131.3,2131.83,6424.377
2026-04-06 04:45:00+00:00,2131.82,2133.21,2130.0,2130.12,4277.633
2026-04-06 04:50:00+00:00,2130.12,2131.06,2128.81,2131.05,3110.652
2026-04-06 04:55:00+00:00,2131.05,2131.46,2129.77,2130.12,2952.588
2026-04-06 05:00:00+00:00,2130.11,2131.57,2128.96,2130.2,4741.42
2026-04-06 05:05:00+00:00,2130.21,2130.99,2129.1,2130.86,2606.598
2026-04-06 05:10:00+00:00,2130.87,2130.87,2129.18,2130.03,2890.44
2026-04-06 05:15:00+00:00,2130.03,2132.0,2129.61,2130.99,4646.855
2026-04-06 05:20:00+00:00,2131.0,2133.73,2130.66,2131.42,6178.496
2026-04-06 05:25:00+00:00,2131.42,2131.42,2128.0,2129.88,5753.294
2026-04-06 05:30:00+00:00,2129.88,2131.58,2129.1,2130.47,3283.1
2026-04-06 05:35:00+00:00,2130.47,2130.47,2129.07,2129.71,2552.054
2026-04-06 05:40:00+00:00,2129.71,2130.83,2128.44,2130.32,3047.88
2026-04-06 05:45:00+00:00,2130.32,2131.6,2127.24,2127.39,5909.534
2026-04-06 05:50:00+00:00,2127.39,2129.65,2127.39,2129.49,2798.947
2026-04-06 05:55:00+00:00,2129.49,2130.65,2129.0,2130.4,3678.485
2026-04-06 06:00:00+00:00,2130.39,2131.03,2126.74,2127.76,7533.286
2026-04-06 06:05:00+00:00,2127.77,2133.73,2127.28,2131.81,10498.691
2026-04-06 06:10:00+00:00,2131.81,2138.4,2131.8,2135.73,27208.041
2026-04-06 06:15:00+00:00,2135.72,2135.72,2132.89,2133.26,7201.32
2026-04-06 06:20:00+00:00,2133.27,2133.64,2123.27,2125.38,29051.221
2026-04-06 06:25:00+00:00,2125.39,2125.66,2119.23,2120.43,30197.477
2026-04-06 06:30:00+00:00,2120.42,2123.43,2119.04,2120.66,19451.228
2026-04-06 06:35:00+00:00,2120.66,2122.56,2120.44,2121.47,7533.531
2026-04-06 06:40:00+00:00,2121.46,2124.45,2120.06,2122.48,12345.333
2026-04-06 06:45:00+00:00,2122.48,2124.77,2122.0,2123.68,8933.822
2026-04-06 06:50:00+00:00,2123.68,2129.81,2123.56,2126.6,26471.263
2026-04-06 06:55:00+00:00,2126.59,2128.03,2125.89,2126.34,4839.112
2026-04-06 07:00:00+00:00,2126.35,2127.69,2122.47,2122.71,8757.919
2026-04-06 07:05:00+00:00,2122.71,2123.53,2121.76,2121.83,5493.373
2026-04-06 07:10:00+00:00,2121.82,2124.85,2121.82,2123.95,8379.047
2026-04-06 07:15:00+00:00,2123.95,2129.41,2123.94,2129.15,11556.678
2026-04-06 07:20:00+00:00,2129.14,2134.68,2129.14,2134.55,16184.464
2026-04-06 07:25:00+00:00,2134.55,2135.78,2132.72,2133.4,15814.95
2026-04-06 07:30:00+00:00,2133.4,2134.0,2129.51,2132.1,12505.743
2026-04-06 07:35:00+00:00,2132.09,2136.27,2131.21,2132.1,13751.934
2026-04-06 07:40:00+00:00,2132.1,2132.96,2129.79,2130.26,5584.918
2026-04-06 07:45:00+00:00,2130.27,2132.22,2129.1,2132.21,8397.549
2026-04-06 07:50:00+00:00,2132.21,2140.5,2131.8,2137.74,22691.279
2026-04-06 07:55:00+00:00,2137.74,2137.74,2133.29,2134.05,9875.402
2026-04-06 08:00:00+00:00,2134.05,2137.62,2134.05,2135.15,7495.762
2026-04-06 08:05:00+00:00,2135.16,2135.48,2132.52,2134.7,6162.459
2026-04-06 08:10:00+00:00,2134.7,2137.42,2134.7,2136.13,8945.501
2026-04-06 08:15:00+00:00,2136.13,2137.0,2133.99,2134.59,8087.135
2026-04-06 08:20:00+00:00,2134.59,2139.5,2133.55,2137.74,9815.709
2026-04-06 08:25:00+00:00,2137.74,2139.0,2134.91,2135.6,5952.479
2026-04-06 08:30:00+00:00,2135.6,2137.07,2134.9,2136.36,3491.328
2026-04-06 08:35:00+00:00,2136.36,2147.54,2135.87,2140.09,66028.854
2026-04-06 08:40:00+00:00,2140.09,2140.63,2138.55,2139.75,8799.091
2026-04-06 08:45:00+00:00,2139.75,2140.67,2137.6,2138.87,8824.688
2026-04-06 08:50:00+00:00,2138.87,2138.88,2136.42,2138.15,3953.277
2026-04-06 08:55:00+00:00,2138.15,2138.96,2137.54,2137.54,3157.921
2026-04-06 09:00:00+00:00,2137.55,2140.62,2137.34,2139.42,8260.507
2026-04-06 09:05:00+00:00,2139.42,2143.36,2139.28,2143.26,8888.208
2026-04-06 09:10:00+00:00,2143.26,2154.42,2143.25,2147.61,73708.599
2026-04-06 09:15:00+00:00,2147.61,2161.8,2147.38,2158.31,109296.709
2026-04-06 09:20:00+00:00,2158.31,2174.41,2157.05,2164.77,148155.61
2026-04-06 09:25:00+00:00,2164.77,2165.0,2157.44,2157.68,36604.952
2026-04-06 09:30:00+00:00,2157.69,2161.67,2156.55,2158.94,24337.852
2026-04-06 09:35:00+00:00,2158.95,2160.83,2153.84,2154.41,32289.324
2026-04-06 09:40:00+00:00,2154.41,2154.75,2147.92,2150.84,67347.064
2026-04-06 09:45:00+00:00,2150.84,2153.09,2150.44,2151.22,14581.366
2026-04-06 09:50:00+00:00,2151.22,2152.0,2147.0,2149.6,14354.222
2026-04-06 09:55:00+00:00,2149.6,2152.14,2149.3,2149.9,8072.287
2026-04-06 10:00:00+00:00,2149.91,2153.77,2149.5,2153.08,9526.012
2026-04-06 10:05:00+00:00,2153.08,2154.59,2152.3,2153.51,9192.346
2026-04-06 10:10:00+00:00,2153.5,2155.87,2152.61,2154.0,14583.378
2026-04-06 10:15:00+00:00,2153.99,2155.21,2153.05,2154.22,9529.835
2026-04-06 10:20:00+00:00,2154.21,2156.74,2154.0,2154.68,5447.096
2026-04-06 10:25:00+00:00,2154.68,2154.68,2151.0,2153.38,7790.976
2026-04-06 10:30:00+00:00,2153.38,2154.66,2152.8,2153.79,3576.572
2026-04-06 10:35:00+00:00,2153.78,2156.41,2152.23,2154.51,10891.125
2026-04-06 10:40:00+00:00,2154.51,2155.5,2153.25,2154.3,3948.96
2026-04-06 10:45:00+00:00,2154.31,2154.47,2148.11,2152.49,37459.415
2026-04-06 10:50:00+00:00,2152.49,2152.74,2149.0,2150.06,7783.431
2026-04-06 10:55:00+00:00,2150.06,2152.61,2149.3,2152.28,7621.287
2026-04-06 11:00:00+00:00,2152.28,2152.56,2148.45,2149.25,8281.228
2026-04-06 11:05:00+00:00,2149.24,2151.35,2147.58,2150.31,11420.167
2026-04-06 11:10:00+00:00,2150.32,2150.59,2145.43,2148.06,19509.657
2026-04-06 11:15:00+00:00,2148.07,2149.79,2147.59,2148.69,5216.353
2026-04-06 11:20:00+00:00,2148.7,2149.88,2145.44,2149.01,15298.282
2026-04-06 11:25:00+00:00,2149.0,2150.0,2147.81,2149.99,6925.45
2026-04-06 11:30:00+00:00,2150.0,2152.26,2148.79,2151.07,6631.44
2026-04-06 11:35:00+00:00,2151.08,2151.68,2149.4,2149.51,5610.214
2026-04-06 11:40:00+00:00,2149.52,2150.9,2148.77,2150.07,3669.571
2026-04-06 11:45:00+00:00,2150.08,2151.0,2149.15,2150.44,4850.154
2026-04-06 11:50:00+00:00,2150.43,2153.0,2150.43,2151.45,5715.084
2026-04-06 11:55:00+00:00,2151.45,2151.46,2148.9,2150.55,3785.565
2026-04-06 12:00:00+00:00,2150.54,2151.33,2149.69,2150.69,7642.918
2026-04-06 12:05:00+00:00,2150.68,2151.64,2148.38,2148.76,5955.201
2026-04-06 12:10:00+00:00,2148.76,2149.0,2146.23,2147.67,8498.519
2026-04-06 12:15:00+00:00,2147.66,2149.57,2146.7,2149.37,8657.915
2026-04-06 12:20:00+00:00,2149.37,2149.38,2147.5,2148.17,3715.511
2026-04-06 12:25:00+00:00,2148.18,2149.24,2145.74,2147.49,7660.309
2026-04-06 12:30:00+00:00,2147.5,2149.73,2145.8,2148.65,9209.013
2026-04-06 12:35:00+00:00,2148.64,2152.73,2148.01,2151.76,11235.701
2026-04-06 12:40:00+00:00,2151.76,2152.4,2149.58,2150.68,6990.35
2026-04-06 12:45:00+00:00,2150.68,2153.8,2148.4,2148.93,10710.071
2026-04-06 12:50:00+00:00,2148.94,2149.5,2145.01,2146.38,14487.659
2026-04-06 12:55:00+00:00,2146.38,2147.45,2141.0,2142.51,36148.175
2026-04-06 13:00:00+00:00,2142.51,2144.29,2141.0,2143.53,17956.601
2026-04-06 13:05:00+00:00,2143.53,2144.49,2142.0,2144.48,6320.322
2026-04-06 13:10:00+00:00,2144.49,2145.36,2142.73,2143.21,6114.557
2026-04-06 13:15:00+00:00,2143.2,2143.38,2137.37,2138.74,27546.883
2026-04-06 13:20:00+00:00,2138.73,2140.79,2137.98,2140.78,12257.075
2026-04-06 13:25:00+00:00,2140.79,2143.81,2140.5,2142.81,12755.632
2026-04-06 13:30:00+00:00,2142.81,2148.32,2140.65,2146.1,31995.701
2026-04-06 13:35:00+00:00,2146.1,2148.47,2136.42,2141.1,31169.445
2026-04-06 13:40:00+00:00,2141.09,2144.22,2137.48,2141.01,16675.106
2026-04-06 13:45:00+00:00,2141.02,2145.0,2140.0,2142.78,10236.346
2026-04-06 13:50:00+00:00,2142.78,2147.86,2142.28,2144.37,18235.153
2026-04-06 13:55:00+00:00,2144.38,2145.24,2141.73,2145.0,5988.465
2026-04-06 14:00:00+00:00,2145.0,2158.36,2137.21,2137.48,61877.206
2026-04-06 14:05:00+00:00,2137.49,2140.71,2137.2,2140.0,23317.23
2026-04-06 14:10:00+00:00,2139.99,2141.99,2136.71,2141.44,15299.786
2026-04-06 14:15:00+00:00,2141.44,2147.98,2141.1,2146.71,17365.934
2026-04-06 14:20:00+00:00,2146.71,2164.91,2146.71,2155.3,124184.965
2026-04-06 14:25:00+00:00,2155.31,2156.88,2152.54,2153.88,23106.238
2026-04-06 14:30:00+00:00,2153.89,2159.61,2153.0,2155.85,21019.586
2026-04-06 14:35:00+00:00,2155.85,2161.69,2141.26,2144.03,98035.632
2026-04-06 14:40:00+00:00,2144.03,2150.84,2143.72,2146.89,53801.544
2026-04-06 14:45:00+00:00,2146.9,2147.57,2142.44,2144.89,29308.696
2026-04-06 14:50:00+00:00,2144.89,2157.52,2144.89,2156.88,37967.733
2026-04-06 14:55:00+00:00,2156.88,2157.99,2154.37,2155.35,15290.696
2026-04-06 15:00:00+00:00,2155.35,2160.93,2154.0,2157.6,26982.924
2026-04-06 15:05:00+00:00,2157.6,2160.43,2154.54,2160.01,19897.377
2026-04-06 15:10:00+00:00,2160.01,2167.0,2156.14,2165.96,71164.397
2026-04-06 15:15:00+00:00,2165.97,2167.45,2162.0,2162.38,30158.282
2026-04-06 15:20:00+00:00,2162.38,2163.88,2157.65,2161.68,28869.021
2026-04-06 15:25:00+00:00,2161.68,2165.0,2159.08,2164.78,24930.029
2026-04-06 15:30:00+00:00,2164.79,2169.11,2160.5,2161.9,34504.435
2026-04-06 15:35:00+00:00,2161.89,2163.21,2159.5,2161.91,9025.335
2026-04-06 15:40:00+00:00,2161.91,2164.0,2159.53,2163.37,6817.219
2026-04-06 15:45:00+00:00,2163.37,2164.84,2162.0,2162.61,6110.347
2026-04-06 15:50:00+00:00,2162.61,2165.76,2161.72,2163.71,9182.13
2026-04-06 15:55:00+00:00,2163.71,2163.81,2162.12,2163.43,5904.07
2026-04-06 16:00:00+00:00,2163.43,2165.0,2161.41,2163.28,11948.019
2026-04-06 16:05:00+00:00,2163.29,2163.61,2159.06,2159.98,10934.506
2026-04-06 16:10:00+00:00,2159.98,2167.48,2159.55,2165.41,18435.961
2026-04-06 16:15:00+00:00,2165.41,2165.96,2159.13,2161.36,11706.132
2026-04-06 16:20:00+00:00,2161.36,2163.08,2160.68,2161.28,4970.517
2026-04-06 16:25:00+00:00,2161.28,2161.48,2157.06,2157.3,8945.753
2026-04-06 16:30:00+00:00,2157.3,2159.35,2155.72,2159.1,12823.915
2026-04-06 16:35:00+00:00,2159.09,2162.99,2159.09,2159.35,10058.084
2026-04-06 16:40:00+00:00,2159.34,2161.21,2159.22,2161.07,4010.901
2026-04-06 16:45:00+00:00,2161.08,2167.52,2158.65,2164.65,20021.732
2026-04-06 16:50:00+00:00,2164.65,2164.76,2153.51,2153.98,16751.435
2026-04-06 16:55:00+00:00,2153.98,2154.66,2139.11,2139.26,79957.616
2026-04-06 17:00:00+00:00,2139.25,2139.86,2128.0,2131.77,91122.68
2026-04-06 17:05:00+00:00,2131.77,2138.85,2130.12,2136.83,52779.038
2026-04-06 17:10:00+00:00,2136.82,2137.07,2124.06,2126.44,51663.285
2026-04-06 17:15:00+00:00,2126.44,2130.61,2122.0,2127.83,42943.674
2026-04-06 17:20:00+00:00,2127.84,2134.52,2125.15,2133.81,42719.66
2026-04-06 17:25:00+00:00,2133.81,2135.32,2133.41,2133.51,12959.479
2026-04-06 17:30:00+00:00,2133.51,2138.66,2132.42,2134.07,18398.572
2026-04-06 17:35:00+00:00,2134.06,2136.4,2131.69,2133.3,10906.84
2026-04-06 17:40:00+00:00,2133.3,2133.51,2130.37,2132.22,8791.808
2026-04-06 17:45:00+00:00,2132.22,2133.29,2130.02,2132.56,5396.462
2026-04-06 17:50:00+00:00,2132.57,2134.76,2132.29,2133.16,5481.316
2026-04-06 17:55:00+00:00,2133.16,2135.26,2132.97,2134.0,4385.824
2026-04-06 18:00:00+00:00,2134.0,2134.29,2130.55,2130.84,10145.082
2026-04-06 18:05:00+00:00,2130.84,2134.27,2130.55,2134.26,5002.423
2026-04-06 18:10:00+00:00,2134.26,2146.0,2134.1,2141.03,59841.893
2026-04-06 18:15:00+00:00,2141.04,2142.43,2140.07,2142.2,9533.107
2026-04-06 18:20:00+00:00,2142.19,2146.0,2140.5,2142.88,14435.282
2026-04-06 18:25:00+00:00,2142.89,2147.52,2141.52,2145.38,15404.727
2026-04-06 18:30:00+00:00,2145.38,2146.92,2142.21,2142.62,8849.127
2026-04-06 18:35:00+00:00,2142.61,2144.0,2141.79,2141.81,5760.449
2026-04-06 18:40:00+00:00,2141.82,2142.13,2140.3,2141.35,4777.209
2026-04-06 18:45:00+00:00,2141.35,2143.0,2138.77,2142.18,5214.867
2026-04-06 18:50:00+00:00,2142.18,2145.1,2141.27,2143.81,6536.096
2026-04-06 18:55:00+00:00,2143.8,2144.56,2142.88,2143.7,2989.713
2026-04-06 19:00:00+00:00,2143.71,2143.71,2140.86,2140.98,3945.946
2026-04-06 19:05:00+00:00,2140.98,2140.99,2134.34,2136.31,16758.289
2026-04-06 19:10:00+00:00,2136.31,2139.68,2135.06,2138.61,7514.439
2026-04-06 19:15:00+00:00,2138.6,2140.14,2138.2,2139.67,6576.714
2026-04-06 19:20:00+00:00,2139.67,2144.3,2139.67,2142.23,7395.537
2026-04-06 19:25:00+00:00,2142.22,2143.17,2141.53,2142.57,2615.895
2026-04-06 19:30:00+00:00,2142.57,2144.93,2141.5,2141.5,5846.622
2026-04-06 19:35:00+00:00,2141.51,2143.94,2141.21,2141.77,3360.108
2026-04-06 19:40:00+00:00,2141.77,2141.77,2138.01,2140.43,4616.132
2026-04-06 19:45:00+00:00,2140.43,2141.13,2138.33,2140.36,4245.178
2026-04-06 19:50:00+00:00,2140.37,2145.0,2138.45,2143.43,14527.02
2026-04-06 19:55:00+00:00,2143.44,2145.01,2140.15,2143.29,19491.414
2026-04-06 20:00:00+00:00,2143.3,2143.97,2139.2,2142.43,9090.027
2026-04-06 20:05:00+00:00,2142.42,2144.28,2141.82,2143.33,3547.126
2026-04-06 20:10:00+00:00,2143.33,2145.15,2142.16,2144.61,4327.267
2026-04-06 20:15:00+00:00,2144.6,2148.65,2144.6,2147.0,10797.296
2026-04-06 20:20:00+00:00,2147.0,2148.01,2146.01,2146.15,4948.575
2026-04-06 20:25:00+00:00,2146.14,2154.42,2145.78,2151.46,32697.311
2026-04-06 20:30:00+00:00,2151.46,2151.84,2150.5,2151.0,6564.78
2026-04-06 20:35:00+00:00,2150.99,2152.63,2150.64,2150.65,3085.399
2026-04-06 20:40:00+00:00,2150.64,2150.65,2148.84,2149.16,3537.834
2026-04-06 20:45:00+00:00,2149.15,2150.0,2148.86,2149.07,2499.756
2026-04-06 20:50:00+00:00,2149.07,2149.07,2146.1,2148.21,6836.826
2026-04-06 20:55:00+00:00,2148.2,2148.9,2147.42,2147.59,2724.79
2026-04-06 21:00:00+00:00,2147.58,2147.58,2144.39,2146.77,5565.536
2026-04-06 21:05:00+00:00,2146.77,2147.53,2145.92,2145.92,1479.408
2026-04-06 21:10:00+00:00,2145.93,2146.35,2144.0,2145.41,7422.621
2026-04-06 21:15:00+00:00,2145.41,2145.6,2144.0,2144.37,3442.51
2026-04-06 21:20:00+00:00,2144.37,2145.98,2144.0,2145.49,4743.918
2026-04-06 21:25:00+00:00,2145.48,2146.06,2144.17,2144.17,4133.222
2026-04-06 21:30:00+00:00,2144.17,2144.69,2142.83,2143.9,3597.514
2026-04-06 21:35:00+00:00,2143.89,2143.9,2139.0,2142.25,13776.881
2026-04-06 21:40:00+00:00,2142.26,2142.43,2137.72,2137.96,5744.088
2026-04-06 21:45:00+00:00,2137.97,2140.74,2136.71,2140.59,6095.761
2026-04-06 21:50:00+00:00,2140.58,2140.59,2136.58,2138.47,3449.874
2026-04-06 21:55:00+00:00,2138.47,2139.61,2136.46,2138.52,4992.442
2026-04-06 22:00:00+00:00,2138.52,2139.57,2135.15,2136.86,13063.177
2026-04-06 22:05:00+00:00,2136.86,2138.2,2135.43,2136.23,4752.297
2026-04-06 22:10:00+00:00,2136.24,2139.53,2135.68,2139.19,7366.05
2026-04-06 22:15:00+00:00,2139.2,2140.38,2136.08,2136.09,10110.802
2026-04-06 22:20:00+00:00,2136.09,2137.95,2129.48,2129.68,30675.461
2026-04-06 22:25:00+00:00,2129.67,2136.75,2129.42,2133.89,25159.421
2026-04-06 22:30:00+00:00,2133.89,2133.9,2127.33,2130.5,16049.323
2026-04-06 22:35:00+00:00,2130.5,2132.26,2130.07,2130.81,5841.954
2026-04-06 22:40:00+00:00,2130.81,2131.74,2128.08,2128.08,3786.994
2026-04-06 22:45:00+00:00,2128.07,2128.07,2125.1,2125.85,14107.263
2026-04-06 22:50:00+00:00,2125.85,2126.31,2110.79,2114.18,79992.532
2026-04-06 22:55:00+00:00,2114.18,2114.43,2103.87,2103.9,67997.194
2026-04-06 23:00:00+00:00,2103.9,2103.91,2091.45,2098.01,133756.548
2026-04-06 23:05:00+00:00,2098.01,2098.11,2086.29,2097.99,102556.545
2026-04-06 23:10:00+00:00,2098.0,2100.67,2096.69,2096.69,49836.473
2026-04-06 23:15:00+00:00,2096.7,2098.93,2092.64,2097.28,26371.614
2026-04-06 23:20:00+00:00,2097.29,2097.29,2087.13,2090.88,27763.512
2026-04-06 23:25:00+00:00,2090.87,2092.56,2089.8,2090.33,14313.707
2026-04-06 23:30:00+00:00,2090.33,2097.03,2087.4,2093.29,24620.009
2026-04-06 23:35:00+00:00,2093.29,2100.17,2093.29,2099.87,25970.98
2026-04-06 23:40:00+00:00,2099.87,2107.0,2098.79,2102.19,36435.476
2026-04-06 23:45:00+00:00,2102.19,2107.75,2102.0,2103.52,19799.979
2026-04-06 23:50:00+00:00,2103.51,2107.97,2103.37,2107.94,9996.768
2026-04-06 23:55:00+00:00,2107.94,2109.42,2105.78,2106.14,22772.454
2026-04-07 00:00:00+00:00,2106.14,2111.92,2104.54,2108.88,27714.758
2026-04-07 00:05:00+00:00,2108.89,2119.34,2108.89,2114.62,43561.405
2026-04-07 00:10:00+00:00,2114.62,2115.92,2110.5,2114.7,22762.867
2026-04-07 00:15:00+00:00,2114.7,2118.49,2112.65,2112.65,25653.588
2026-04-07 00:20:00+00:00,2112.65,2114.5,2110.55,2113.5,17727.665
2026-04-07 00:25:00+00:00,2113.51,2114.8,2109.6,2113.48,10772.357
2026-04-07 00:30:00+00:00,2113.48,2118.0,2108.45,2108.46,22234.699
2026-04-07 00:35:00+00:00,2108.46,2111.15,2106.08,2107.75,26015.132
2026-04-07 00:40:00+00:00,2107.76,2111.47,2107.72,2110.9,14665.839
2026-04-07 00:45:00+00:00,2110.9,2116.37,2110.05,2116.37,8434.331
2026-04-07 00:50:00+00:00,2116.37,2116.37,2113.12,2113.99,6694.126
2026-04-07 00:55:00+00:00,2113.99,2114.43,2111.49,2111.5,4699.958
2026-04-07 01:00:00+00:00,2111.5,2111.5,2107.43,2109.99,14022.84
2026-04-07 01:05:00+00:00,2110.0,2110.05,2103.42,2104.88,16733.817
2026-04-07 01:10:00+00:00,2104.89,2108.38,2103.26,2106.46,12116.993
2026-04-07 01:15:00+00:00,2106.45,2115.0,2106.45,2114.86,26952.308
2026-04-07 01:20:00+00:00,2114.87,2119.78,2110.58,2112.15,42781.364
2026-04-07 01:25:00+00:00,2112.16,2115.31,2111.52,2111.95,8073.393
2026-04-07 01:30:00+00:00,2111.95,2113.63,2110.41,2112.02,11135.077
2026-04-07 01:35:00+00:00,2112.02,2112.54,2105.0,2106.0,17240.935
2026-04-07 01:40:00+00:00,2106.0,2109.2,2105.65,2108.91,6566.646
2026-04-07 01:45:00+00:00,2108.91,2109.38,2104.56,2104.79,7925.265
2026-04-07 01:50:00+00:00,2104.8,2105.34,2096.29,2100.16,40865.765
2026-04-07 01:55:00+00:00,2100.15,2101.95,2097.0,2098.28,9232.254
2026-04-07 02:00:00+00:00,2098.28,2100.0,2097.32,2098.25,8486.21
2026-04-07 02:05:00+00:00,2098.26,2099.58,2091.93,2098.92,21318.529
2026-04-07 02:10:00+00:00,2098.92,2101.39,2097.4,2098.14,7766.819
2026-04-07 02:15:00+00:00,2098.15,2102.87,2097.09,2102.65,16528.246
2026-04-07 02:20:00+00:00,2102.65,2104.72,2099.36,2104.71,25809.547
2026-04-07 02:25:00+00:00,2104.7,2105.48,2103.53,2105.04,6668.148
2026-04-07 02:30:00+00:00,2105.04,2106.0,2102.23,2103.21,5811.158
2026-04-07 02:35:00+00:00,2103.2,2110.75,2103.1,2108.23,23800.286
2026-04-07 02:40:00+00:00,2108.23,2108.35,2104.28,2104.84,8199.373
2026-04-07 02:45:00+00:00,2104.84,2105.88,2102.69,2104.7,4755.826
2026-04-07 02:50:00+00:00,2104.7,2106.32,2101.43,2103.89,8364.702
2026-04-07 02:55:00+00:00,2103.89,2106.2,2101.6,2105.7,13253.298
2026-04-07 03:00:00+00:00,2105.69,2108.88,2105.06,2106.19,7716.576
2026-04-07 03:05:00+00:00,2106.18,2106.52,2103.5,2105.78,3744.5
2026-04-07 03:10:00+00:00,2105.77,2106.35,2104.1,2105.5,4611.776
2026-04-07 03:15:00+00:00,2105.49,2107.13,2103.42,2103.42,4360.611
2026-04-07 03:20:00+00:00,2103.42,2107.15,2102.57,2106.86,5079.147
2026-04-07 03:25:00+00:00,2106.85,2109.0,2106.29,2107.98,9653.315
2026-04-07 03:30:00+00:00,2107.98,2108.57,2106.73,2107.51,6405.209
2026-04-07 03:35:00+00:00,2107.51,2108.2,2106.3,2106.65,4531.235
2026-04-07 03:40:00+00:00,2106.64,2108.08,2106.43,2107.99,2315.656
2026-04-07 03:45:00+00:00,2107.99,2107.99,2105.32,2106.0,3626.363
2026-04-07 03:50:00+00:00,2106.0,2108.5,2105.99,2107.99,4706.219
2026-04-07 03:55:00+00:00,2108.0,2108.02,2106.5,2107.19,4396.154
2026-04-07 04:00:00+00:00,2107.2,2107.99,2105.09,2105.17,5506.714
2026-04-07 04:05:00+00:00,2105.17,2106.15,2104.47,2105.11,7372.137
2026-04-07 04:10:00+00:00,2105.1,2105.55,2103.76,2104.82,6898.354
2026-04-07 04:15:00+00:00,2104.82,2106.6,2102.16,2104.23,7206.866
2026-04-07 04:20:00+00:00,2104.24,2106.14,2102.61,2105.8,3725.727
2026-04-07 04:25:00+00:00,2105.79,2106.84,2104.66,2104.68,2977.548
2026-04-07 04:30:00+00:00,2104.69,2112.42,2104.68,2111.06,17838.721
2026-04-07 04:35:00+00:00,2111.06,2112.81,2110.0,2111.65,10040.854
2026-04-07 04:40:00+00:00,2111.65,2112.29,2111.02,2112.29,6868.565
2026-04-07 04:45:00+00:00,2112.28,2118.25,2111.4,2117.26,20349.387
2026-04-07 04:50:00+00:00,2117.26,2117.29,2113.88,2114.43,8107.996
2026-04-07 04:55:00+00:00,2114.44,2115.17,2112.44,2113.08,5489.359
2026-04-07 05:00:00+00:00,2113.08,2113.66,2110.36,2110.87,6689.694
2026-04-07 05:05:00+00:00,2110.88,2110.88,2109.5,2110.5,5166.214
2026-04-07 05:10:00+00:00,2110.49,2110.61,2109.5,2109.79,2460.197
2026-04-07 05:15:00+00:00,2109.79,2111.45,2108.0,2110.01,9346.732
2026-04-07 05:20:00+00:00,2110.0,2111.55,2108.29,2109.09,3647.509
2026-04-07 05:25:00+00:00,2109.08,2109.85,2105.43,2105.55,9708.536
2026-04-07 05:30:00+00:00,2105.55,2105.91,2103.74,2105.01,8950.406
2026-04-07 05:35:00+00:00,2105.0,2105.88,2103.73,2105.52,5504.419
2026-04-07 05:40:00+00:00,2105.52,2105.52,2102.66,2103.31,5467.124
2026-04-07 05:45:00+00:00,2103.31,2103.89,2102.78,2103.35,5980.601
2026-04-07 05:50:00+00:00,2103.36,2105.59,2102.84,2103.99,4241.129
2026-04-07 05:55:00+00:00,2103.99,2105.53,2102.46,2104.45,8349.699
2026-04-07 06:00:00+00:00,2104.45,2104.45,2101.56,2103.19,6082.71
2026-04-07 06:05:00+00:00,2103.18,2104.8,2098.67,2100.77,13069.647
2026-04-07 06:10:00+00:00,2100.77,2102.15,2097.27,2099.31,13425.9
2026-04-07 06:15:00+00:00,2099.31,2100.64,2098.0,2099.24,6303.21
2026-04-07 06:20:00+00:00,2099.24,2099.78,2095.35,2098.73,21316.987
2026-04-07 06:25:00+00:00,2098.74,2101.2,2098.73,2100.15,8661.941
2026-04-07 06:30:00+00:00,2100.16,2100.63,2097.0,2097.61,5890.647
2026-04-07 06:35:00+00:00,2097.6,2101.04,2097.6,2099.75,4534.781
2026-04-07 06:40:00+00:00,2099.75,2101.35,2097.5,2100.61,6400.119
2026-04-07 06:45:00+00:00,2100.61,2102.93,2099.33,2101.97,10895.194
2026-04-07 06:50:00+00:00,2101.97,2106.07,2101.69,2103.97,11830.585
2026-04-07 06:55:00+00:00,2103.97,2103.97,2102.21,2103.01,4616.639
2026-04-07 07:00:00+00:00,2103.01,2103.5,2100.51,2101.29,3844.357
2026-04-07 07:05:00+00:00,2101.28,2101.29,2097.5,2099.12,10116.257
2026-04-07 07:10:00+00:00,2099.12,2101.37,2098.0,2100.71,3350.228
2026-04-07 07:15:00+00:00,2100.72,2102.42,2099.27,2099.28,4259.644
2026-04-07 07:20:00+00:00,2099.28,2101.6,2098.0,2101.6,4458.486
2026-04-07 07:25:00+00:00,2101.6,2103.3,2099.45,2100.22,4915.264
2026-04-07 07:30:00+00:00,2100.22,2105.3,2100.21,2102.51,8384.004
2026-04-07 07:35:00+00:00,2102.52,2103.11,2101.23,2101.23,4156.761
2026-04-07 07:40:00+00:00,2101.24,2102.35,2101.0,2102.31,3121.767
2026-04-07 07:45:00+00:00,2102.31,2102.56,2100.16,2101.6,4520.539
2026-04-07 07:50:00+00:00,2101.6,2103.69,2101.09,2103.06,6965.481
2026-04-07 07:55:00+00:00,2103.07,2105.31,2102.47,2103.0,7122.331
2026-04-07 08:00:00+00:00,2102.99,2111.4,2102.35,2105.42,27896.181
2026-04-07 08:05:00+00:00,2105.41,2106.56,2103.32,2106.23,7076.632
2026-04-07 08:10:00+00:00,2106.23,2110.13,2106.01,2107.15,8367.217
2026-04-07 08:15:00+00:00,2107.15,2109.65,2105.11,2109.65,8067.213
2026-04-07 08:20:00+00:00,2109.65,2112.48,2109.13,2111.65,13409.95
2026-04-07 08:25:00+00:00,2111.65,2111.91,2107.36,2108.56,12696.301
2026-04-07 08:30:00+00:00,2108.57,2112.18,2108.33,2110.2,8331.605
2026-04-07 08:35:00+00:00,2110.19,2111.45,2109.52,2110.9,4978.679
2026-04-07 08:40:00+00:00,2110.89,2114.99,2110.55,2114.15,15732.947
2026-04-07 08:45:00+00:00,2114.16,2116.0,2111.9,2112.68,15751.011
2026-04-07 08:50:00+00:00,2112.67,2114.48,2112.01,2113.85,4566.451
2026-04-07 08:55:00+00:00,2113.85,2116.43,2113.46,2113.99,9016.556
2026-04-07 09:00:00+00:00,2113.99,2116.96,2113.32,2116.69,16693.854
2026-04-07 09:05:00+00:00,2116.68,2132.74,2116.35,2130.4,82084.674
2026-04-07 09:10:00+00:00,2130.4,2132.96,2125.24,2125.65,37150.43
2026-04-07 09:15:00+00:00,2125.65,2127.68,2124.33,2126.04,17225.712
2026-04-07 09:20:00+00:00,2126.04,2126.64,2123.39,2124.26,10561.541
2026-04-07 09:25:00+00:00,2124.25,2125.45,2122.0,2124.57,17494.9
2026-04-07 09:30:00+00:00,2124.58,2129.99,2123.82,2128.83,17570.24
2026-04-07 09:35:00+00:00,2128.83,2129.18,2127.21,2128.82,8116.686
2026-04-07 09:40:00+00:00,2128.82,2130.84,2127.44,2127.44,10378.492
2026-04-07 09:45:00+00:00,2127.44,2128.31,2125.25,2127.41,13437.986
2026-04-07 09:50:00+00:00,2127.4,2127.69,2125.97,2126.49,4549.867
2026-04-07 09:55:00+00:00,2126.48,2127.35,2125.87,2127.26,4239.806
2026-04-07 10:00:00+00:00,2127.26,2130.78,2123.0,2123.1,21611.742
2026-04-07 10:05:00+00:00,2123.09,2124.32,2114.57,2120.49,44501.282
2026-04-07 10:10:00+00:00,2120.5,2120.99,2115.0,2116.27,32320.08
2026-04-07 10:15:00+00:00,2116.27,2119.32,2116.27,2118.35,8086.021
2026-04-07 10:20:00+00:00,2118.35,2123.26,2118.28,2120.59,12987.183
2026-04-07 10:25:00+00:00,2120.59,2120.59,2103.3,2105.64,70983.341
2026-04-07 10:30:00+00:00,2105.64,2107.69,2103.3,2104.37,22700.681
2026-04-07 10:35:00+00:00,2104.37,2105.5,2097.45,2099.47,41786.538
2026-04-07 10:40:00+00:00,2099.48,2101.0,2095.22,2098.0,26460.799
2026-04-07 10:45:00+00:00,2098.0,2098.91,2093.29,2096.23,22691.244
2026-04-07 10:50:00+00:00,2096.23,2096.62,2087.15,2090.32,66814.539
2026-04-07 10:55:00+00:00,2090.32,2092.03,2085.1,2088.29,48563.218
2026-04-07 11:00:00+00:00,2088.29,2088.48,2080.57,2084.52,56602.598
2026-04-07 11:05:00+00:00,2084.51,2090.31,2083.4,2088.82,46548.096
2026-04-07 11:10:00+00:00,2088.83,2091.21,2085.28,2087.84,25436.179
2026-04-07 11:15:00+00:00,2087.83,2092.12,2086.77,2086.99,20517.86
2026-04-07 11:20:00+00:00,2087.0,2087.95,2085.01,2086.36,14555.329
2026-04-07 11:25:00+00:00,2086.36,2093.23,2086.35,2090.91,19114.496
2026-04-07 11:30:00+00:00,2090.92,2090.92,2085.79,2087.2,11025.082
2026-04-07 11:35:00+00:00,2087.21,2091.55,2086.22,2091.0,13477.997
2026-04-07 11:40:00+00:00,2091.0,2091.0,2087.32,2088.99,10995.355
2026-04-07 11:45:00+00:00,2088.99,2089.3,2086.5,2088.93,7960.987
2026-04-07 11:50:00+00:00,2088.94,2089.36,2086.6,2087.39,7801.465
2026-04-07 11:55:00+00:00,2087.39,2089.32,2087.28,2088.47,4959.834
2026-04-07 12:00:00+00:00,2088.48,2088.58,2086.55,2087.5,9492.936
2026-04-07 12:05:00+00:00,2087.5,2092.26,2073.1,2077.17,116652.319
2026-04-07 12:10:00+00:00,2077.17,2085.42,2075.71,2082.8,30692.362
2026-04-07 12:15:00+00:00,2082.79,2085.71,2077.7,2082.04,29220.349
2026-04-07 12:20:00+00:00,2082.04,2086.76,2079.33,2083.3,18250.687
2026-04-07 12:25:00+00:00,2083.3,2085.05,2082.39,2083.91,8896.118
2026-04-07 12:30:00+00:00,2083.9,2085.33,2080.76,2081.94,16052.488
2026-04-07 12:35:00+00:00,2081.93,2083.7,2080.65,2083.06,6728.037
2026-04-07 12:40:00+00:00,2083.06,2083.98,2073.42,2076.0,35882.082
2026-04-07 12:45:00+00:00,2075.99,2080.65,2073.27,2078.23,28913.019
2026-04-07 12:50:00+00:00,2078.24,2081.9,2076.69,2081.1,12669.895
2026-04-07 12:55:00+00:00,2081.1,2091.0,2080.08,2085.77,65488.795
2026-04-07 13:00:00+00:00,2085.76,2086.91,2082.86,2085.97,15932.117
2026-04-07 13:05:00+00:00,2085.97,2092.61,2085.96,2089.31,29557.95
2026-04-07 13:10:00+00:00,2089.32,2090.28,2085.2,2089.01,13265.222
2026-04-07 13:15:00+00:00,2089.01,2089.48,2083.68,2084.11,13832.577
2026-04-07 13:20:00+00:00,2084.1,2085.19,2082.42,2082.96,10286.945
2026-04-07 13:25:00+00:00,2082.96,2083.88,2082.51,2083.54,5673.694
2026-04-07 13:30:00+00:00,2083.54,2089.49,2079.11,2080.0,30812.434
2026-04-07 13:35:00+00:00,2080.0,2082.43,2077.6,2078.91,18908.526
2026-04-07 13:40:00+00:00,2078.9,2081.33,2075.01,2077.9,16801.745
2026-04-07 13:45:00+00:00,2077.91,2079.01,2073.42,2076.48,27438.137
2026-04-07 13:50:00+00:00,2076.48,2082.82,2074.71,2082.0,18666.324
2026-04-07 13:55:00+00:00,2081.99,2082.55,2073.66,2073.98,24679.78
2026-04-07 14:00:00+00:00,2073.97,2076.39,2068.4,2070.74,59979.543
2026-04-07 14:05:00+00:00,2070.74,2071.75,2058.01,2063.54,119829.21
2026-04-07 14:10:00+00:00,2063.54,2068.46,2063.22,2066.41,32251.26
2026-04-07 14:15:00+00:00,2066.42,2068.7,2061.53,2065.51,35109.439
2026-04-07 14:20:00+00:00,2065.51,2075.56,2065.5,2073.99,54415.527
2026-04-07 14:25:00+00:00,2073.99,2077.42,2072.11,2075.84,28167.639
2026-04-07 14:30:00+00:00,2075.84,2077.39,2070.82,2073.78,22158.134
2026-04-07 14:35:00+00:00,2073.79,2075.0,2069.2,2071.49,11621.347
2026-04-07 14:40:00+00:00,2071.5,2073.32,2069.72,2071.16,7432.184
2026-04-07 14:45:00+00:00,2071.16,2080.61,2071.0,2074.03,21696.616
2026-04-07 14:50:00+00:00,2074.03,2075.44,2071.81,2073.76,8863.136
2026-04-07 14:55:00+00:00,2073.75,2073.75,2068.16,2068.48,13826.269
2026-04-07 15:00:00+00:00,2068.49,2070.69,2066.34,2067.78,18158.909
2026-04-07 15:05:00+00:00,2067.78,2069.11,2063.64,2069.11,21454.972
2026-04-07 15:10:00+00:00,2069.11,2072.7,2068.28,2069.99,19274.481
2026-04-07 15:15:00+00:00,2069.99,2077.9,2069.32,2075.47,39123.623
2026-04-07 15:20:00+00:00,2075.46,2077.3,2073.24,2076.02,11733.778
2026-04-07 15:25:00+00:00,2076.01,2080.45,2075.82,2079.36,28755.771
2026-04-07 15:30:00+00:00,2079.36,2081.8,2078.25,2079.06,17543.474
2026-04-07 15:35:00+00:00,2079.06,2080.69,2075.17,2076.43,16783.962
2026-04-07 15:40:00+00:00,2076.43,2077.28,2074.58,2075.9,8217.524
2026-04-07 15:45:00+00:00,2075.9,2078.16,2075.14,2076.5,8317.302
2026-04-07 15:50:00+00:00,2076.49,2078.32,2074.39,2078.07,10097.469
2026-04-07 15:55:00+00:00,2078.07,2082.39,2077.64,2079.26,17326.338
2026-04-07 16:00:00+00:00,2079.26,2088.6,2077.59,2082.44,61878.101
2026-04-07 16:05:00+00:00,2082.43,2084.02,2077.62,2077.72,15122.29
2026-04-07 16:10:00+00:00,2077.73,2079.11,2076.57,2078.37,8488.374
2026-04-07 16:15:00+00:00,2078.38,2080.78,2076.6,2077.99,10303.139
2026-04-07 16:20:00+00:00,2077.99,2084.12,2076.41,2081.79,19864.779
2026-04-07 16:25:00+00:00,2081.79,2084.23,2080.54,2083.62,11305.435
2026-04-07 16:30:00+00:00,2083.62,2084.57,2081.5,2083.7,11782.24
2026-04-07 16:35:00+00:00,2083.7,2083.7,2081.45,2083.31,6841.76
2026-04-07 16:40:00+00:00,2083.31,2086.42,2082.33,2085.99,12432.952
2026-04-07 16:45:00+00:00,2085.99,2089.36,2085.43,2085.61,24741.069
2026-04-07 16:50:00+00:00,2085.61,2086.34,2082.56,2083.59,6940.397
2026-04-07 16:55:00+00:00,2083.59,2083.59,2080.82,2082.61,6185.356
2026-04-07 17:00:00+00:00,2082.62,2086.18,2082.0,2085.6,15944.909
2026-04-07 17:05:00+00:00,2085.6,2087.0,2084.03,2084.43,6007.537
2026-04-07 17:10:00+00:00,2084.43,2085.47,2080.83,2081.69,8022.734
2026-04-07 17:15:00+00:00,2081.68,2082.61,2078.99,2081.45,10187.488
2026-04-07 17:20:00+00:00,2081.45,2085.3,2078.6,2084.0,9623.743
2026-04-07 17:25:00+00:00,2083.99,2084.6,2082.89,2084.43,5043.012
2026-04-07 17:30:00+00:00,2084.43,2090.15,2084.43,2088.01,18577.728
2026-04-07 17:35:00+00:00,2088.0,2115.81,2088.0,2097.72,155640.196
2026-04-07 17:40:00+00:00,2097.72,2100.4,2096.05,2096.12,20286.2
2026-04-07 17:45:00+00:00,2096.13,2099.12,2095.48,2099.11,13243.511
2026-04-07 17:50:00+00:00,2099.12,2101.67,2097.45,2100.06,17507.224
2026-04-07 17:55:00+00:00,2100.07,2100.45,2097.92,2098.29,7436.97
2026-04-07 18:00:00+00:00,2098.29,2100.49,2096.3,2096.8,9719.65
2026-04-07 18:05:00+00:00,2096.8,2097.32,2093.71,2094.3,16985.488
2026-04-07 18:10:00+00:00,2094.3,2097.16,2092.77,2096.0,10273.565
2026-04-07 18:15:00+00:00,2096.01,2096.01,2093.0,2095.1,7475.464
2026-04-07 18:20:00+00:00,2095.1,2095.92,2092.36,2093.39,5617.689
2026-04-07 18:25:00+00:00,2093.4,2095.83,2092.64,2093.9,4947.85
2026-04-07 18:30:00+00:00,2093.91,2097.4,2093.58,2095.98,10944.436
2026-04-07 18:35:00+00:00,2095.98,2096.18,2091.42,2093.22,7978.958
2026-04-07 18:40:00+00:00,2093.22,2093.44,2089.03,2089.89,15252.873
2026-04-07 18:45:00+00:00,2089.89,2090.55,2088.01,2089.72,8663.394
2026-04-07 18:50:00+00:00,2089.71,2090.47,2081.96,2084.05,37068.081
2026-04-07 18:55:00+00:00,2084.04,2086.74,2081.41,2085.32,14965.955
2026-04-07 19:00:00+00:00,2085.31,2087.72,2084.35,2085.65,16262.236
2026-04-07 19:05:00+00:00,2085.66,2089.4,2083.17,2085.0,13152.482
2026-04-07 19:10:00+00:00,2085.0,2088.3,2084.68,2087.27,5108.011
2026-04-07 19:15:00+00:00,2087.27,2099.6,2087.27,2099.08,32709.66
2026-04-07 19:20:00+00:00,2099.08,2104.5,2093.31,2095.23,29692.912
2026-04-07 19:25:00+00:00,2095.23,2097.15,2093.2,2095.63,9541.018
2026-04-07 19:30:00+00:00,2095.62,2095.68,2090.41,2091.3,16455.419
2026-04-07 19:35:00+00:00,2091.29,2092.65,2089.5,2092.0,6157.027
2026-04-07 19:40:00+00:00,2092.0,2095.44,2091.0,2093.76,7538.28
2026-04-07 19:45:00+00:00,2093.77,2110.83,2093.07,2106.15,103679.079
2026-04-07 19:50:00+00:00,2106.14,2117.0,2106.14,2111.86,47729.105
2026-04-07 19:55:00+00:00,2111.85,2114.1,2108.53,2112.52,30919.909
2026-04-07 20:00:00+00:00,2112.52,2124.8,2111.94,2118.85,87736.532
2026-04-07 20:05:00+00:00,2118.86,2124.3,2118.29,2119.01,23392.777
2026-04-07 20:10:00+00:00,2119.0,2119.97,2117.35,2118.57,11203.973
2026-04-07 20:15:00+00:00,2118.57,2120.93,2111.88,2115.64,31182.154
2026-04-07 20:20:00+00:00,2115.64,2116.03,2112.99,2114.1,6861.286
2026-04-07 20:25:00+00:00,2114.1,2115.35,2111.68,2114.86,10403.374
2026-04-07 20:30:00+00:00,2114.86,2117.61,2114.55,2115.82,6538.58
2026-04-07 20:35:00+00:00,2115.81,2116.74,2112.04,2114.15,8580.15
2026-04-07 20:40:00+00:00,2114.16,2119.09,2114.0,2114.6,12323.287
2026-04-07 20:45:00+00:00,2114.6,2115.0,2113.09,2113.93,5624.848
2026-04-07 20:50:00+00:00,2113.93,2114.11,2109.43,2110.09,13376.035
2026-04-07 20:55:00+00:00,2110.1,2114.57,2110.1,2114.57,9968.439
2026-04-07 21:00:00+00:00,2114.56,2118.84,2114.47,2116.86,10645.774
2026-04-07 21:05:00+00:00,2116.87,2142.8,2116.0,2137.36,98485.743
2026-04-07 21:10:00+00:00,2137.36,2152.86,2136.89,2141.09,125018.413
2026-04-07 21:15:00+00:00,2141.08,2143.92,2133.32,2136.15,34716.063
2026-04-07 21:20:00+00:00,2136.15,2138.58,2133.36,2133.87,14079.254
2026-04-07 21:25:00+00:00,2133.86,2133.87,2127.11,2130.01,25883.45
2026-04-07 21:30:00+00:00,2130.01,2134.86,2130.0,2133.56,11122.695
2026-04-07 21:35:00+00:00,2133.57,2142.5,2133.56,2141.88,24358.045
2026-04-07 21:40:00+00:00,2141.89,2142.9,2137.84,2142.73,11902.08
2026-04-07 21:45:00+00:00,2142.73,2150.0,2140.33,2141.22,34217.74
2026-04-07 21:50:00+00:00,2141.21,2148.82,2140.53,2143.68,36590.348
2026-04-07 21:55:00+00:00,2143.68,2145.0,2139.31,2144.25,16326.019
2026-04-07 22:00:00+00:00,2144.26,2154.76,2144.26,2151.07,37491.736
2026-04-07 22:05:00+00:00,2151.08,2165.24,2150.61,2153.03,77595.18
2026-04-07 22:10:00+00:00,2153.04,2158.37,2152.1,2158.35,22002.032
2026-04-07 22:15:00+00:00,2158.36,2159.76,2154.33,2155.12,19623.178
2026-04-07 22:20:00+00:00,2155.13,2160.71,2152.43,2156.85,17709.183
2026-04-07 22:25:00+00:00,2156.85,2160.37,2155.14,2158.59,16329.326
2026-04-07 22:30:00+00:00,2158.58,2180.78,2158.58,2176.35,219093.811
2026-04-07 22:35:00+00:00,2176.35,2191.81,2175.55,2181.64,146388.196
2026-04-07 22:40:00+00:00,2181.64,2186.04,2168.87,2177.01,82444.757
2026-04-07 22:45:00+00:00,2177.01,2185.42,2174.64,2185.16,35820.411
2026-04-07 22:50:00+00:00,2185.16,2197.22,2183.52,2193.59,92814.849
2026-04-07 22:55:00+00:00,2193.59,2219.69,2190.4,2219.2,208541.516
2026-04-07 23:00:00+00:00,2219.2,2235.0,2219.2,2221.14,175442.512
2026-04-07 23:05:00+00:00,2221.13,2233.77,2214.23,2230.43,69243.982
2026-04-07 23:10:00+00:00,2230.43,2242.0,2226.27,2229.93,83151.087
2026-04-07 23:15:00+00:00,2229.93,2231.72,2220.04,2229.88,59925.183
2026-04-07 23:20:00+00:00,2229.88,2257.93,2229.87,2250.91,153733.071
2026-04-07 23:25:00+00:00,2250.9,2270.0,2247.71,2269.8,121873.719
2026-04-07 23:30:00+00:00,2269.55,2273.0,2251.24,2252.75,111721.668
2026-04-07 23:35:00+00:00,2252.76,2254.26,2242.38,2243.52,46606.118
2026-04-07 23:40:00+00:00,2243.52,2248.98,2240.22,2247.51,47691.447
2026-04-07 23:45:00+00:00,2247.51,2259.84,2246.86,2253.14,42784.832
2026-04-07 23:50:00+00:00,2253.13,2255.55,2243.72,2244.57,38729.183
2026-04-07 23:55:00+00:00,2244.57,2244.85,2236.99,2239.14,48146.84
2026-04-08 00:00:00+00:00,2239.14,2250.71,2237.94,2240.66,54879.491
2026-04-08 00:05:00+00:00,2240.66,2246.37,2238.18,2239.65,29587.383
2026-04-08 00:10:00+00:00,2239.64,2245.74,2236.63,2242.58,34828.834
2026-04-08 00:15:00+00:00,2242.58,2248.36,2239.16,2242.55,17306.465
2026-04-08 00:20:00+00:00,2242.48,2244.68,2237.35,2240.13,17820.337
2026-04-08 00:25:00+00:00,2240.14,2243.64,2238.65,2239.32,21104.018
2026-04-08 00:30:00+00:00,2239.32,2240.33,2231.79,2233.83,47828.708
2026-04-08 00:35:00+00:00,2233.82,2240.24,2231.79,2239.21,26554.201
2026-04-08 00:40:00+00:00,2239.22,2242.55,2234.54,2235.57,17755.722
2026-04-08 00:45:00+00:00,2235.57,2236.94,2226.28,2228.31,51976.378
2026-04-08 00:50:00+00:00,2228.3,2234.31,2228.15,2230.08,19894.219
2026-04-08 00:55:00+00:00,2230.09,2235.37,2229.19,2235.33,16326.511
2026-04-08 01:00:00+00:00,2235.32,2237.72,2231.59,2231.59,19550.42
2026-04-08 01:05:00+00:00,2231.59,2242.59,2230.93,2241.32,26622.635
2026-04-08 01:10:00+00:00,2241.32,2241.78,2238.05,2240.42,10597.128
2026-04-08 01:15:00+00:00,2240.42,2240.43,2232.34,2234.06,12686.58
2026-04-08 01:20:00+00:00,2234.05,2235.25,2229.56,2232.77,13510.417
2026-04-08 01:25:00+00:00,2232.78,2234.0,2231.0,2231.79,9293.524
2026-04-08 01:30:00+00:00,2231.79,2233.87,2230.87,2233.6,10542.174
2026-04-08 01:35:00+00:00,2233.6,2238.8,2232.87,2236.51,11783.682
2026-04-08 01:40:00+00:00,2236.51,2238.58,2235.41,2235.88,7659.089
2026-04-08 01:45:00+00:00,2235.88,2239.0,2235.29,2236.1,5325.163
2026-04-08 01:50:00+00:00,2236.1,2238.65,2234.04,2235.13,7287.933
2026-04-08 01:55:00+00:00,2235.13,2236.25,2232.31,2233.38,6875.643
2026-04-08 02:00:00+00:00,2233.38,2237.76,2231.76,2235.54,10625.841
2026-04-08 02:05:00+00:00,2235.54,2244.89,2235.11,2244.0,25370.315
2026-04-08 02:10:00+00:00,2244.0,2246.81,2242.36,2244.55,18136.406
2026-04-08 02:15:00+00:00,2244.55,2244.76,2234.45,2235.43,20143.446
2026-04-08 02:20:00+00:00,2235.42,2236.0,2229.37,2234.33,22882.737
2026-04-08 02:25:00+00:00,2234.34,2236.45,2232.55,2235.23,8710.179
2026-04-08 02:30:00+00:00,2235.23,2236.32,2229.87,2233.99,20170.823
2026-04-08 02:35:00+00:00,2234.0,2234.44,2229.97,2232.43,12295.492
2026-04-08 02:40:00+00:00,2232.43,2233.44,2231.1,2232.18,5521.044
2026-04-08 02:45:00+00:00,2232.18,2235.57,2230.22,2235.56,17805.57
2026-04-08 02:50:00+00:00,2235.57,2236.24,2233.55,2235.16,7926.361
2026-04-08 02:55:00+00:00,2235.17,2236.71,2233.21,2236.33,7770.508
2026-04-08 03:00:00+00:00,2236.34,2237.17,2235.84,2236.4,5626.882
2026-04-08 03:05:00+00:00,2236.41,2236.41,2232.76,2234.52,5330.906
2026-04-08 03:10:00+00:00,2234.52,2234.65,2232.34,2232.56,4458.851
2026-04-08 03:15:00+00:00,2232.56,2233.97,2231.28,2231.54,5776.132
2026-04-08 03:20:00+00:00,2231.55,2233.55,2231.54,2232.0,5270.866
2026-04-08 03:25:00+00:00,2232.0,2238.93,2231.17,2238.13,13939.004
2026-04-08 03:30:00+00:00,2238.13,2238.13,2234.4,2236.65,8034.055
2026-04-08 03:35:00+00:00,2236.65,2237.17,2234.37,2234.93,3078.265
2026-04-08 03:40:00+00:00,2234.94,2237.85,2234.38,2236.29,3616.532
2026-04-08 03:45:00+00:00,2236.3,2236.48,2233.5,2233.5,4491.43
2026-04-08 03:50:00+00:00,2233.5,2234.62,2232.67,2234.27,5480.262
2026-04-08 03:55:00+00:00,2234.28,2234.83,2233.46,2233.89,3677.574
2026-04-08 04:00:00+00:00,2233.89,2239.46,2233.88,2237.26,16582.248
2026-04-08 04:05:00+00:00,2237.26,2250.0,2236.88,2244.35,42628.008
2026-04-08 04:10:00+00:00,2244.35,2245.43,2241.17,2242.83,10217.11
2026-04-08 04:15:00+00:00,2242.83,2245.0,2242.04,2242.23,6919.351
2026-04-08 04:20:00+00:00,2242.22,2245.0,2240.99,2241.92,14027.046
2026-04-08 04:25:00+00:00,2241.92,2246.62,2241.4,2243.97,8621.511
2026-04-08 04:30:00+00:00,2243.97,2244.7,2242.16,2242.86,6973.656
2026-04-08 04:35:00+00:00,2242.87,2251.98,2242.87,2249.09,20505.249
2026-04-08 04:40:00+00:00,2249.09,2251.23,2246.69,2248.0,16300.853
2026-04-08 04:45:00+00:00,2247.99,2249.52,2246.93,2247.25,10693.82
2026-04-08 04:50:00+00:00,2247.25,2247.25,2244.41,2244.48,9865.55
2026-04-08 04:55:00+00:00,2244.48,2245.74,2238.77,2239.71,18276.97
2026-04-08 05:00:00+00:00,2239.71,2242.53,2239.0,2242.05,18993.689
2026-04-08 05:05:00+00:00,2242.05,2243.72,2241.02,2242.76,7365.248
2026-04-08 05:10:00+00:00,2242.76,2243.47,2238.89,2240.66,12762.973
2026-04-08 05:15:00+00:00,2240.66,2241.86,2239.85,2240.7,7064.015
2026-04-08 05:20:00+00:00,2240.7,2244.28,2240.69,2243.7,10558.3
2026-04-08 05:25:00+00:00,2243.7,2243.99,2242.21,2243.17,4104.618
2026-04-08 05:30:00+00:00,2243.16,2243.51,2240.87,2241.06,8954.207
2026-04-08 05:35:00+00:00,2241.06,2241.06,2238.27,2239.14,6578.764
2026-04-08 05:40:00+00:00,2239.13,2241.94,2238.82,2239.41,8479.681
2026-04-08 05:45:00+00:00,2239.41,2239.9,2237.18,2239.9,7554.592
2026-04-08 05:50:00+00:00,2239.91,2244.02,2239.89,2241.48,11231.247
2026-04-08 05:55:00+00:00,2241.47,2241.48,2239.0,2239.73,5810.669
2026-04-08 06:00:00+00:00,2239.73,2240.0,2234.13,2235.98,15023.131
2026-04-08 06:05:00+00:00,2235.98,2238.15,2235.49,2236.33,4499.656
2026-04-08 06:10:00+00:00,2236.32,2241.2,2236.19,2240.45,9349.982
2026-04-08 06:15:00+00:00,2240.46,2247.0,2239.3,2246.17,14440.771
2026-04-08 06:20:00+00:00,2246.17,2252.69,2245.69,2249.8,51429.0
2026-04-08 06:25:00+00:00,2249.81,2253.15,2247.46,2249.67,24049.454
2026-04-08 06:30:00+00:00,2249.66,2249.93,2246.47,2247.58,10991.93
2026-04-08 06:35:00+00:00,2247.59,2249.95,2246.45,2247.66,10385.75
2026-04-08 06:40:00+00:00,2247.66,2249.0,2247.05,2248.0,5927.603
2026-04-08 06:45:00+00:00,2248.0,2249.5,2245.21,2246.55,11563.943
2026-04-08 06:50:00+00:00,2246.55,2248.47,2244.37,2245.49,7654.549
2026-04-08 06:55:00+00:00,2245.49,2245.49,2243.83,2244.71,8141.672
2026-04-08 07:00:00+00:00,2244.7,2245.72,2243.28,2243.79,9060.806
2026-04-08 07:05:00+00:00,2243.79,2248.32,2243.79,2248.06,7869.334
2026-04-08 07:10:00+00:00,2248.06,2250.49,2245.91,2249.48,7753.92
2026-04-08 07:15:00+00:00,2249.49,2250.28,2247.66,2250.28,6797.364
2026-04-08 07:20:00+00:00,2250.27,2259.53,2250.16,2256.28,48078.535
2026-04-08 07:25:00+00:00,2256.27,2259.72,2253.52,2255.34,38008.723
2026-04-08 07:30:00+00:00,2255.33,2255.34,2246.73,2246.78,18657.716
2026-04-08 07:35:00+00:00,2246.79,2249.17,2246.08,2248.5,10625.821
2026-04-08 07:40:00+00:00,2248.5,2250.94,2247.86,2249.79,8506.848
2026-04-08 07:45:00+00:00,2249.79,2250.72,2248.34,2249.82,6131.107
2026-04-08 07:50:00+00:00,2249.82,2252.0,2249.49,2251.78,6078.942
2026-04-08 07:55:00+00:00,2251.78,2252.85,2250.1,2252.75,7212.346
2026-04-08 08:00:00+00:00,2252.74,2256.52,2252.4,2255.62,17897.219
2026-04-08 08:05:00+00:00,2255.63,2258.44,2253.84,2254.49,13231.609
2026-04-08 08:10:00+00:00,2254.48,2254.6,2250.81,2252.64,7211.209
2026-04-08 08:15:00+00:00,2252.65,2258.0,2251.73,2257.21,11329.946
2026-04-08 08:20:00+00:00,2257.21,2257.75,2254.5,2255.22,7705.759
2026-04-08 08:25:00+00:00,2255.21,2256.41,2252.74,2255.02,5878.828
2026-04-08 08:30:00+00:00,2255.02,2258.0,2253.71,2257.4,6221.309
2026-04-08 08:35:00+00:00,2257.39,2257.79,2250.5,2253.5,16188.3
2026-04-08 08:40:00+00:00,2253.49,2254.56,2249.0,2251.82,10909.263
2026-04-08 08:45:00+00:00,2251.81,2256.5,2251.16,2255.01,6318.466
2026-04-08 08:50:00+00:00,2255.0,2256.5,2251.99,2253.06,7809.698
2026-04-08 08:55:00+00:00,2253.06,2256.97,2252.83,2255.36,9766.593
2026-04-08 09:00:00+00:00,2255.37,2257.83,2255.36,2257.83,8762.161
2026-04-08 09:05:00+00:00,2257.83,2262.75,2256.68,2257.44,31920.146
2026-04-08 09:10:00+00:00,2257.44,2260.29,2256.52,2256.54,8618.543
2026-04-08 09:15:00+00:00,2256.53,2257.98,2254.0,2257.7,9811.253
2026-04-08 09:20:00+00:00,2257.71,2257.71,2254.33,2254.85,6987.742
2026-04-08 09:25:00+00:00,2254.86,2255.19,2249.42,2249.42,19232.806
2026-04-08 09:30:00+00:00,2249.43,2252.2,2249.37,2251.18,10768.151
2026-04-08 09:35:00+00:00,2251.18,2251.71,2248.77,2250.0,12260.369
2026-04-08 09:40:00+00:00,2250.0,2250.0,2245.38,2245.56,15913.6
2026-04-08 09:45:00+00:00,2245.56,2249.36,2245.23,2247.8,13369.254
2026-04-08 09:50:00+00:00,2247.79,2249.99,2247.12,2248.74,6951.014
2026-04-08 09:55:00+00:00,2248.74,2250.1,2247.78,2248.64,4410.483
2026-04-08 10:00:00+00:00,2248.64,2252.64,2248.24,2248.24,6513.355
2026-04-08 10:05:00+00:00,2248.23,2252.89,2246.16,2249.71,8992.354
2026-04-08 10:10:00+00:00,2249.71,2249.71,2245.32,2247.14,8410.774
2026-04-08 10:15:00+00:00,2247.14,2248.55,2245.65,2248.35,6165.621
2026-04-08 10:20:00+00:00,2248.35,2250.42,2247.07,2249.0,3716.129
2026-04-08 10:25:00+00:00,2248.99,2250.88,2248.43,2248.99,3716.801
2026-04-08 10:30:00+00:00,2248.98,2249.47,2240.59,2243.45,22670.852
2026-04-08 10:35:00+00:00,2243.45,2245.11,2241.56,2244.21,10169.842
2026-04-08 10:40:00+00:00,2244.21,2244.95,2242.69,2244.02,6750.965
2026-04-08 10:45:00+00:00,2244.02,2245.9,2243.38,2245.76,5838.168
2026-04-08 10:50:00+00:00,2245.75,2247.5,2245.29,2246.26,4154.418
2026-04-08 10:55:00+00:00,2246.26,2246.27,2241.0,2241.69,10651.186
2026-04-08 11:00:00+00:00,2241.69,2243.91,2240.02,2243.18,14883.951
2026-04-08 11:05:00+00:00,2243.18,2245.06,2242.67,2244.43,6098.744
2026-04-08 11:10:00+00:00,2244.43,2248.54,2244.42,2247.24,7898.174
2026-04-08 11:15:00+00:00,2247.24,2249.18,2246.81,2247.71,7544.933
2026-04-08 11:20:00+00:00,2247.7,2248.34,2243.78,2248.34,6729.112
2026-04-08 11:25:00+00:00,2248.33,2254.11,2248.33,2252.9,32857.443
2026-04-08 11:30:00+00:00,2252.9,2252.9,2249.39,2252.0,8408.847
2026-04-08 11:35:00+00:00,2251.99,2252.0,2235.83,2239.24,46819.949
2026-04-08 11:40:00+00:00,2239.25,2241.65,2239.24,2240.43,11250.406
2026-04-08 11:45:00+00:00,2240.42,2243.54,2238.21,2242.61,29797.809
2026-04-08 11:50:00+00:00,2242.61,2247.79,2242.6,2247.23,10136.165
2026-04-08 11:55:00+00:00,2247.23,2247.35,2246.0,2246.53,6535.524
2026-04-08 12:00:00+00:00,2246.53,2250.4,2246.53,2249.05,13524.787
2026-04-08 12:05:00+00:00,2249.04,2251.41,2248.37,2249.1,10103.022
2026-04-08 12:10:00+00:00,2249.1,2253.0,2248.57,2252.9,10028.157
2026-04-08 12:15:00+00:00,2252.9,2253.72,2247.63,2248.34,13351.421
2026-04-08 12:20:00+00:00,2248.35,2249.45,2241.28,2244.9,23526.304
2026-04-08 12:25:00+00:00,2244.89,2247.99,2243.85,2247.1,6127.142
2026-04-08 12:30:00+00:00,2247.1,2252.91,2246.51,2250.91,8085.377
2026-04-08 12:35:00+00:00,2250.91,2255.5,2250.9,2253.1,20382.246
2026-04-08 12:40:00+00:00,2253.11,2254.5,2251.5,2253.59,6775.917
2026-04-08 12:45:00+00:00,2253.59,2257.64,2252.32,2254.0,13135.136
2026-04-08 12:50:00+00:00,2253.99,2255.0,2253.0,2253.0,7705.269
2026-04-08 12:55:00+00:00,2253.01,2258.39,2252.58,2254.64,18031.0
2026-04-08 13:00:00+00:00,2254.64,2259.48,2254.24,2256.75,20924.148
2026-04-08 13:05:00+00:00,2256.74,2269.65,2254.7,2264.54,79699.788
2026-04-08 13:10:00+00:00,2264.53,2264.53,2257.31,2260.68,46019.439
2026-04-08 13:15:00+00:00,2260.68,2266.66,2258.0,2258.45,28655.163
2026-04-08 13:20:00+00:00,2258.46,2258.46,2251.41,2257.22,26351.763
2026-04-08 13:25:00+00:00,2257.23,2259.65,2256.9,2259.64,12343.021
2026-04-08 13:30:00+00:00,2259.64,2264.91,2243.25,2247.78,71711.204
2026-04-08 13:35:00+00:00,2247.78,2249.0,2235.5,2237.27,60572.572
2026-04-08 13:40:00+00:00,2237.27,2241.19,2233.36,2234.05,59965.726
2026-04-08 13:45:00+00:00,2234.04,2246.3,2231.11,2243.72,77038.264
2026-04-08 13:50:00+00:00,2243.71,2243.99,2233.96,2234.41,44497.568
2026-04-08 13:55:00+00:00,2234.42,2238.36,2230.38,2234.84,33155.987
2026-04-08 14:00:00+00:00,2234.83,2240.1,2234.34,2234.67,17035.708
2026-04-08 14:05:00+00:00,2234.67,2236.52,2220.84,2222.48,74938.815
2026-04-08 14:10:00+00:00,2222.48,2232.89,2221.0,2230.75,55147.21
2026-04-08 14:15:00+00:00,2230.75,2233.35,2223.65,2225.21,27424.78
2026-04-08 14:20:00+00:00,2225.21,2229.48,2223.85,2227.04,20033.067
2026-04-08 14:25:00+00:00,2227.05,2228.99,2224.24,2224.98,15737.046
2026-04-08 14:30:00+00:00,2224.98,2227.02,2204.42,2205.0,156783.377
2026-04-08 14:35:00+00:00,2205.0,2212.0,2201.36,2208.72,67653.774
2026-04-08 14:40:00+00:00,2208.72,2210.84,2205.89,2206.01,27718.438
2026-04-08 14:45:00+00:00,2206.01,2208.36,2195.68,2203.21,95367.772
2026-04-08 14:50:00+00:00,2203.22,2203.38,2190.1,2195.15,75550.002
2026-04-08 14:55:00+00:00,2195.15,2195.84,2186.03,2194.73,81585.9
2026-04-08 15:00:00+00:00,2194.72,2199.27,2192.87,2198.81,57061.26
2026-04-08 15:05:00+00:00,2198.81,2203.74,2195.76,2196.63,40714.255
2026-04-08 15:10:00+00:00,2196.63,2204.23,2195.16,2204.23,25575.429
2026-04-08 15:15:00+00:00,2204.23,2205.59,2199.73,2204.74,44281.405
2026-04-08 15:20:00+00:00,2204.74,2208.27,2203.89,2207.14,31420.543
2026-04-08 15:25:00+00:00,2207.14,2207.56,2203.8,2205.9,21362.351
2026-04-08 15:30:00+00:00,2205.9,2207.39,2203.41,2207.06,12098.896
2026-04-08 15:35:00+00:00,2207.05,2217.42,2206.91,2213.54,68637.168
2026-04-08 15:40:00+00:00,2213.53,2214.28,2208.65,2210.69,17586.137
2026-04-08 15:45:00+00:00,2210.69,2215.63,2210.51,2212.82,12483.186
2026-04-08 15:50:00+00:00,2212.82,2214.65,2210.5,2212.79,9627.964
2026-04-08 15:55:00+00:00,2212.8,2215.75,2212.26,2214.56,13784.042
2026-04-08 16:00:00+00:00,2214.56,2217.42,2211.82,2214.67,23764.316
2026-04-08 16:05:00+00:00,2214.68,2217.1,2212.41,2213.03,14351.176
2026-04-08 16:10:00+00:00,2213.03,2216.63,2211.1,2214.72,14171.637
2026-04-08 16:15:00+00:00,2214.73,2219.5,2212.02,2217.5,20036.156
2026-04-08 16:20:00+00:00,2217.5,2221.65,2215.58,2220.17,19663.865
2026-04-08 16:25:00+00:00,2220.16,2221.34,2217.74,2218.09,11212.396
2026-04-08 16:30:00+00:00,2218.09,2218.31,2210.12,2212.51,22280.382
2026-04-08 16:35:00+00:00,2212.52,2215.45,2212.06,2215.0,7163.551
2026-04-08 16:40:00+00:00,2215.01,2217.94,2214.59,2216.15,8389.154
2026-04-08 16:45:00+00:00,2216.15,2220.93,2214.43,2219.34,11324.645
2026-04-08 16:50:00+00:00,2219.34,2219.74,2216.81,2219.27,8417.174
2026-04-08 16:55:00+00:00,2219.27,2224.67,2219.22,2219.74,24894.741
2026-04-08 17:00:00+00:00,2219.73,2223.76,2219.71,2220.66,14505.711
2026-04-08 17:05:00+00:00,2220.66,2221.49,2219.4,2221.34,7439.704
2026-04-08 17:10:00+00:00,2221.34,2226.27,2220.34,2224.46,17309.134
2026-04-08 17:15:00+00:00,2224.45,2224.8,2221.71,2223.17,7723.309
2026-04-08 17:20:00+00:00,2223.18,2223.58,2216.75,2217.38,16218.05
2026-04-08 17:25:00+00:00,2217.38,2218.44,2212.0,2218.32,23249.653
2026-04-08 17:30:00+00:00,2218.32,2222.88,2218.32,2222.65,15345.166
2026-04-08 17:35:00+00:00,2222.65,2238.66,2221.63,2230.54,82211.388
2026-04-08 17:40:00+00:00,2230.54,2233.56,2227.99,2232.86,20915.566
2026-04-08 17:45:00+00:00,2232.86,2234.07,2230.83,2232.35,9554.219
2026-04-08 17:50:00+00:00,2232.34,2233.13,2229.0,2229.32,7268.376
2026-04-08 17:55:00+00:00,2229.31,2231.59,2229.31,2230.7,5796.564
2026-04-08 18:00:00+00:00,2230.7,2230.89,2226.42,2227.9,13681.45
2026-04-08 18:05:00+00:00,2227.91,2231.66,2226.83,2227.81,9554.169
2026-04-08 18:10:00+00:00,2227.81,2228.31,2223.62,2226.39,9716.129
2026-04-08 18:15:00+00:00,2226.38,2227.74,2213.21,2215.54,40528.194
2026-04-08 18:20:00+00:00,2215.54,2218.53,2211.88,2214.01,27588.995
2026-04-08 18:25:00+00:00,2214.01,2214.8,2210.85,2211.99,16941.921
2026-04-08 18:30:00+00:00,2212.0,2218.21,2212.0,2217.99,14727.284
2026-04-08 18:35:00+00:00,2217.99,2218.9,2212.58,2212.58,13199.994
2026-04-08 18:40:00+00:00,2212.58,2212.85,2206.35,2207.04,26439.39
2026-04-08 18:45:00+00:00,2207.04,2209.76,2205.67,2207.34,17293.335
2026-04-08 18:50:00+00:00,2207.35,2207.35,2202.51,2203.05,21354.398
2026-04-08 18:55:00+00:00,2203.05,2203.66,2197.65,2200.66,35873.405
2026-04-08 19:00:00+00:00,2200.65,2201.11,2196.8,2199.52,23447.453
2026-04-08 19:05:00+00:00,2199.51,2203.92,2198.35,2201.8,16221.743
2026-04-08 19:10:00+00:00,2201.81,2206.19,2201.81,2204.66,15666.654
2026-04-08 19:15:00+00:00,2204.65,2205.3,2201.59,2203.34,8112.938
2026-04-08 19:20:00+00:00,2203.34,2204.34,2198.83,2202.44,7034.041
2026-04-08 19:25:00+00:00,2202.45,2204.61,2198.46,2198.62,8992.53
2026-04-08 19:30:00+00:00,2198.63,2203.11,2196.26,2201.1,11844.599
2026-04-08 19:35:00+00:00,2201.09,2208.27,2200.08,2206.49,33489.34
2026-04-08 19:40:00+00:00,2206.48,2206.7,2200.85,2205.28,8619.938
2026-04-08 19:45:00+00:00,2205.28,2207.0,2204.68,2205.55,5642.166
2026-04-08 19:50:00+00:00,2205.55,2208.27,2205.24,2205.67,8181.514
2026-04-08 19:55:00+00:00,2205.68,2211.11,2204.35,2210.01,14198.005
2026-04-08 20:00:00+00:00,2210.0,2214.8,2209.72,2212.09,19312.084
2026-04-08 20:05:00+00:00,2212.09,2215.63,2211.3,2212.72,8635.334
2026-04-08 20:10:00+00:00,2212.72,2214.56,2212.56,2214.1,5126.102
2026-04-08 20:15:00+00:00,2214.11,2215.97,2214.1,2215.4,5082.104
2026-04-08 20:20:00+00:00,2215.4,2215.4,2211.5,2213.45,4358.692
2026-04-08 20:25:00+00:00,2213.44,2213.99,2213.2,2213.5,1787.983
2026-04-08 20:30:00+00:00,2213.5,2213.74,2210.11,2210.46,5514.258
2026-04-08 20:35:00+00:00,2210.46,2210.47,2204.51,2208.08,9494.457
2026-04-08 20:40:00+00:00,2208.08,2208.47,2205.23,2206.1,3243.234
2026-04-08 20:45:00+00:00,2206.09,2208.74,2204.62,2207.74,8335.468
2026-04-08 20:50:00+00:00,2207.74,2209.24,2206.5,2208.6,4339.467
2026-04-08 20:55:00+00:00,2208.61,2209.2,2207.87,2208.86,2548.667
2026-04-08 21:00:00+00:00,2208.86,2208.86,2206.77,2206.78,2328.624
2026-04-08 21:05:00+00:00,2206.77,2211.4,2206.77,2209.93,5727.291
2026-04-08 21:10:00+00:00,2209.93,2218.46,2209.93,2213.71,17031.767
2026-04-08 21:15:00+00:00,2213.71,2215.51,2213.14,2214.76,2263.826
2026-04-08 21:20:00+00:00,2214.76,2221.39,2214.58,2217.41,11796.71
2026-04-08 21:25:00+00:00,2217.42,2221.64,2217.41,2219.33,7190.027
2026-04-08 21:30:00+00:00,2219.34,2220.3,2215.0,2215.0,5963.139
2026-04-08 21:35:00+00:00,2215.01,2218.5,2214.74,2217.99,5580.716
2026-04-08 21:40:00+00:00,2217.99,2218.67,2213.92,2214.68,3355.015
2026-04-08 21:45:00+00:00,2214.68,2216.91,2213.7,2215.23,3276.43
2026-04-08 21:50:00+00:00,2215.24,2215.9,2214.49,2214.79,2191.29
2026-04-08 21:55:00+00:00,2214.8,2214.8,2211.74,2213.74,6120.113
2026-04-08 22:00:00+00:00,2213.73,2214.17,2209.36,2209.5,7914.948
2026-04-08 22:05:00+00:00,2209.5,2212.89,2209.36,2211.36,4201.193
2026-04-08 22:10:00+00:00,2211.36,2211.79,2207.58,2208.95,5215.397
2026-04-08 22:15:00+00:00,2208.95,2210.17,2204.0,2205.17,7795.924
2026-04-08 22:20:00+00:00,2205.16,2205.81,2196.77,2199.37,35792.341
2026-04-08 22:25:00+00:00,2199.37,2200.96,2190.27,2192.51,41694.005
2026-04-08 22:30:00+00:00,2192.52,2197.14,2183.55,2196.7,49557.41
2026-04-08 22:35:00+00:00,2196.71,2200.9,2196.71,2199.73,18136.348
2026-04-08 22:40:00+00:00,2199.72,2200.05,2196.73,2196.74,5938.697
2026-04-08 22:45:00+00:00,2196.73,2198.21,2196.08,2197.96,13355.906
2026-04-08 22:50:00+00:00,2197.97,2198.62,2193.17,2193.5,6956.75
2026-04-08 22:55:00+00:00,2193.5,2193.5,2188.01,2188.71,15672.889
2026-04-08 23:00:00+00:00,2188.7,2189.13,2181.42,2184.61,34564.25
2026-04-08 23:05:00+00:00,2184.61,2188.88,2184.05,2185.79,14656.658
2026-04-08 23:10:00+00:00,2185.8,2192.97,2185.8,2192.37,13744.517
2026-04-08 23:15:00+00:00,2192.37,2193.16,2186.62,2187.95,11108.431
2026-04-08 23:20:00+00:00,2187.95,2188.57,2177.77,2183.39,28941.878
2026-04-08 23:25:00+00:00,2183.38,2184.47,2180.2,2183.79,9443.607
2026-04-08 23:30:00+00:00,2183.79,2186.27,2181.31,2185.26,8506.325
2026-04-08 23:35:00+00:00,2185.27,2188.95,2184.22,2185.23,14617.122
2026-04-08 23:40:00+00:00,2185.23,2188.43,2185.1,2186.91,6073.175
2026-04-08 23:45:00+00:00,2186.9,2189.5,2186.27,2189.5,5720.311
2026-04-08 23:50:00+00:00,2189.49,2191.82,2187.59,2187.65,10948.133
2026-04-08 23:55:00+00:00,2187.66,2189.96,2187.1,2188.87,3249.686
2026-04-09 00:00:00+00:00,2188.87,2189.85,2187.43,2189.27,11475.009
2026-04-09 00:05:00+00:00,2189.27,2193.23,2188.63,2189.9,11602.182
2026-04-09 00:10:00+00:00,2189.9,2190.93,2189.01,2190.38,4791.375
2026-04-09 00:15:00+00:00,2190.39,2191.64,2186.12,2187.79,8286.592
2026-04-09 00:20:00+00:00,2187.8,2189.26,2185.81,2186.85,7006.917
2026-04-09 00:25:00+00:00,2186.86,2187.4,2183.64,2184.07,8218.125
2026-04-09 00:30:00+00:00,2184.07,2185.39,2180.0,2182.61,15020.073
2026-04-09 00:35:00+00:00,2182.61,2186.54,2180.49,2180.65,12676.461
2026-04-09 00:40:00+00:00,2180.65,2182.34,2177.58,2182.14,20084.691
2026-04-09 00:45:00+00:00,2182.14,2182.83,2179.14,2181.9,10858.189
2026-04-09 00:50:00+00:00,2181.9,2182.51,2179.23,2181.44,8907.92
2026-04-09 00:55:00+00:00,2181.43,2186.16,2181.43,2182.01,12332.748
2026-04-09 01:00:00+00:00,2182.02,2184.31,2180.9,2182.87,8460.41
2026-04-09 01:05:00+00:00,2182.87,2183.36,2160.0,2167.83,110616.925
2026-04-09 01:10:00+00:00,2167.83,2170.7,2165.59,2170.63,24891.885
2026-04-09 01:15:00+00:00,2170.62,2171.17,2166.01,2169.0,17524.829
2026-04-09 01:20:00+00:00,2168.99,2170.86,2164.0,2167.27,14284.623
2026-04-09 01:25:00+00:00,2167.27,2170.67,2166.44,2169.12,9891.573
2026-04-09 01:30:00+00:00,2169.11,2177.44,2167.83,2176.55,23189.224
2026-04-09 01:35:00+00:00,2176.56,2176.77,2172.53,2174.59,10872.471
2026-04-09 01:40:00+00:00,2174.58,2174.71,2172.97,2173.65,4528.509
2026-04-09 01:45:00+00:00,2173.65,2176.79,2170.37,2175.26,12305.51
2026-04-09 01:50:00+00:00,2175.27,2178.87,2175.27,2177.88,13225.718
2026-04-09 01:55:00+00:00,2177.88,2177.98,2175.16,2177.75,11347.731
2026-04-09 02:00:00+00:00,2177.75,2181.42,2176.16,2176.72,22479.069
2026-04-09 02:05:00+00:00,2176.72,2179.99,2176.4,2178.55,7146.986
2026-04-09 02:10:00+00:00,2178.55,2178.95,2173.42,2173.89,6820.466
2026-04-09 02:15:00+00:00,2173.89,2179.82,2172.72,2179.81,6736.96
2026-04-09 02:20:00+00:00,2179.81,2180.3,2177.78,2179.29,4818.188
2026-04-09 02:25:00+00:00,2179.29,2183.19,2179.01,2180.82,11669.799
2026-04-09 02:30:00+00:00,2180.81,2182.9,2180.32,2180.74,9992.308
2026-04-09 02:35:00+00:00,2180.74,2181.48,2178.43,2179.89,7935.196
2026-04-09 02:40:00+00:00,2179.89,2179.89,2175.39,2178.54,9335.198
2026-04-09 02:45:00+00:00,2178.54,2184.05,2177.8,2182.93,14885.746
2026-04-09 02:50:00+00:00,2182.93,2184.71,2182.19,2183.51,7304.259
2026-04-09 02:55:00+00:00,2183.51,2183.9,2179.74,2180.69,10391.507
2026-04-09 03:00:00+00:00,2180.69,2181.56,2179.35,2181.56,4878.459
2026-04-09 03:05:00+00:00,2181.55,2182.58,2178.87,2179.29,5881.893
2026-04-09 03:10:00+00:00,2179.29,2179.95,2178.38,2179.68,2894.173
2026-04-09 03:15:00+00:00,2179.67,2180.01,2177.92,2178.7,4684.523
2026-04-09 03:20:00+00:00,2178.71,2180.19,2177.27,2179.99,6264.403
2026-04-09 03:25:00+00:00,2179.99,2180.47,2175.17,2177.42,7953.558
2026-04-09 03:30:00+00:00,2177.42,2179.97,2177.42,2179.14,2219.329
2026-04-09 03:35:00+00:00,2179.14,2180.15,2177.82,2179.21,2034.643
2026-04-09 03:40:00+00:00,2179.21,2179.58,2176.0,2176.84,4403.763
2026-04-09 03:45:00+00:00,2176.83,2179.46,2174.29,2179.46,7832.013
2026-04-09 03:50:00+00:00,2179.45,2182.9,2179.45,2182.46,9508.068
2026-04-09 03:55:00+00:00,2182.47,2182.8,2181.31,2181.31,3084.844
2026-04-09 04:00:00+00:00,2181.31,2181.59,2179.09,2180.22,4261.416
2026-04-09 04:05:00+00:00,2180.23,2180.65,2178.27,2178.66,4236.853
2026-04-09 04:10:00+00:00,2178.66,2179.72,2177.56,2178.37,2899.502
2026-04-09 04:15:00+00:00,2178.37,2178.37,2177.22,2178.11,3044.133
2026-04-09 04:20:00+00:00,2178.11,2178.11,2175.0,2176.74,5438.342
2026-04-09 04:25:00+00:00,2176.74,2177.71,2176.16,2177.28,3200.142
2026-04-09 04:30:00+00:00,2177.28,2179.59,2176.86,2179.58,3378.035
2026-04-09 04:35:00+00:00,2179.59,2180.12,2178.8,2179.25,2905.191
2026-04-09 04:40:00+00:00,2179.25,2180.12,2178.73,2178.73,2299.318
2026-04-09 04:45:00+00:00,2178.74,2179.9,2175.55,2176.43,7415.917
2026-04-09 04:50:00+00:00,2176.44,2178.11,2175.97,2178.0,4082.692
2026-04-09 04:55:00+00:00,2177.99,2178.25,2176.09,2176.66,4331.164
2026-04-09 05:00:00+00:00,2176.66,2178.17,2174.39,2177.3,9821.285
2026-04-09 05:05:00+00:00,2177.31,2177.93,2176.62,2177.44,2179.278
2026-04-09 05:10:00+00:00,2177.43,2177.43,2174.75,2177.18,5080.159
2026-04-09 05:15:00+00:00,2177.18,2178.82,2175.52,2178.82,4962.598
2026-04-09 05:20:00+00:00,2178.81,2179.95,2177.07,2177.77,5079.604
2026-04-09 05:25:00+00:00,2177.77,2180.87,2177.77,2180.38,6656.721
2026-04-09 05:30:00+00:00,2180.38,2184.61,2179.73,2183.36,20870.313
2026-04-09 05:35:00+00:00,2183.36,2188.57,2182.89,2187.51,32862.9
2026-04-09 05:40:00+00:00,2187.5,2187.54,2186.25,2186.61,9415.861
2026-04-09 05:45:00+00:00,2186.61,2186.61,2181.74,2182.7,8939.646
2026-04-09 05:50:00+00:00,2182.7,2182.7,2178.85,2179.87,10663.787
2026-04-09 05:55:00+00:00,2179.87,2181.14,2179.3,2181.13,5823.199
2026-04-09 06:00:00+00:00,2181.14,2185.23,2181.13,2183.2,9118.625
2026-04-09 06:05:00+00:00,2183.2,2184.68,2182.21,2182.41,5073.525
2026-04-09 06:10:00+00:00,2182.42,2183.47,2181.65,2182.1,3481.96
2026-04-09 06:15:00+00:00,2182.1,2182.1,2178.59,2178.85,6589.074
2026-04-09 06:20:00+00:00,2178.85,2179.0,2176.02,2177.04,7178.308
2026-04-09 06:25:00+00:00,2177.04,2177.2,2175.07,2176.38,9133.718
2026-04-09 06:30:00+00:00,2176.38,2179.43,2174.48,2177.18,9947.737
2026-04-09 06:35:00+00:00,2177.18,2178.89,2176.0,2176.4,3775.541
2026-04-09 06:40:00+00:00,2176.41,2177.83,2176.03,2177.48,2557.999
2026-04-09 06:45:00+00:00,2177.48,2177.99,2176.34,2176.51,3415.069
2026-04-09 06:50:00+00:00,2176.51,2178.95,2176.22,2178.95,2746.56
2026-04-09 06:55:00+00:00,2178.94,2180.68,2178.76,2180.53,3904.215
2026-04-09 07:00:00+00:00,2180.53,2184.77,2180.53,2183.99,13217.594
2026-04-09 07:05:00+00:00,2183.99,2184.36,2182.48,2183.51,6327.768
2026-04-09 07:10:00+00:00,2183.5,2184.72,2182.95,2183.65,3894.084
2026-04-09 07:15:00+00:00,2183.65,2183.67,2180.35,2181.45,4831.881
2026-04-09 07:20:00+00:00,2181.46,2181.46,2179.19,2181.09,3980.319
2026-04-09 07:25:00+00:00,2181.1,2181.51,2179.8,2180.19,2566.868
2026-04-09 07:30:00+00:00,2180.19,2182.43,2179.32,2182.22,5628.414
2026-04-09 07:35:00+00:00,2182.21,2182.76,2181.42,2181.67,4356.806
2026-04-09 07:40:00+00:00,2181.67,2181.76,2179.32,2180.78,4156.204
2026-04-09 07:45:00+00:00,2180.78,2181.64,2178.66,2180.27,4177.876
2026-04-09 07:50:00+00:00,2180.26,2181.56,2179.8,2180.19,3192.132
2026-04-09 07:55:00+00:00,2180.19,2181.29,2179.52,2179.96,3920.343
2026-04-09 08:00:00+00:00,2179.97,2182.52,2176.94,2182.1,9238.162
2026-04-09 08:05:00+00:00,2182.09,2182.33,2180.0,2180.0,4461.809
2026-04-09 08:10:00+00:00,2180.01,2180.01,2175.8,2177.83,7197.54
2026-04-09 08:15:00+00:00,2177.83,2178.11,2175.0,2176.48,9917.97
2026-04-09 08:20:00+00:00,2176.49,2179.72,2176.34,2179.5,5001.202
2026-04-09 08:25:00+00:00,2179.5,2179.81,2178.2,2179.11,3531.399
2026-04-09 08:30:00+00:00,2179.1,2183.83,2179.1,2182.17,9447.965
2026-04-09 08:35:00+00:00,2182.16,2184.2,2181.77,2183.71,7446.893
2026-04-09 08:40:00+00:00,2183.71,2188.41,2183.6,2187.61,20118.697
2026-04-09 08:45:00+00:00,2187.61,2190.27,2185.26,2185.49,22101.198
2026-04-09 08:50:00+00:00,2185.48,2185.49,2181.88,2184.53,10337.406
2026-04-09 08:55:00+00:00,2184.54,2186.35,2184.35,2184.99,7252.446
2026-04-09 09:00:00+00:00,2184.99,2184.99,2179.78,2179.81,8539.618
2026-04-09 09:05:00+00:00,2179.81,2181.09,2178.13,2181.08,8490.769
2026-04-09 09:10:00+00:00,2181.08,2183.0,2180.3,2181.98,6811.499
2026-04-09 09:15:00+00:00,2181.97,2186.44,2181.69,2185.25,13861.021
2026-04-09 09:20:00+00:00,2185.25,2185.25,2181.78,2182.91,3854.456
2026-04-09 09:25:00+00:00,2182.9,2183.76,2181.64,2183.72,2941.55
2026-04-09 09:30:00+00:00,2183.72,2187.9,2182.75,2183.57,9873.563
2026-04-09 09:35:00+00:00,2183.58,2184.18,2182.53,2184.17,3184.61
2026-04-09 09:40:00+00:00,2184.17,2184.61,2183.46,2184.6,3860.416
2026-04-09 09:45:00+00:00,2184.6,2187.15,2183.99,2186.89,5979.642
2026-04-09 09:50:00+00:00,2186.88,2189.58,2186.43,2189.46,9206.48
2026-04-09 09:55:00+00:00,2189.46,2196.53,2189.45,2192.78,41839.298
2026-04-09 10:00:00+00:00,2192.77,2193.04,2190.25,2190.34,12924.415
2026-04-09 10:05:00+00:00,2190.34,2190.59,2188.23,2188.53,10729.658
2026-04-09 10:10:00+00:00,2188.53,2189.32,2186.83,2187.4,6567.682
2026-04-09 10:15:00+00:00,2187.4,2189.89,2187.15,2189.26,5823.892
2026-04-09 10:20:00+00:00,2189.25,2192.15,2189.03,2191.23,7500.953
2026-04-09 10:25:00+00:00,2191.23,2192.57,2191.0,2191.43,5693.208
2026-04-09 10:30:00+00:00,2191.44,2191.81,2189.41,2190.84,5091.477
2026-04-09 10:35:00+00:00,2190.84,2192.11,2189.64,2192.11,4581.227
2026-04-09 10:40:00+00:00,2192.11,2196.07,2191.19,2193.9,10918.685
2026-04-09 10:45:00+00:00,2193.9,2194.72,2192.22,2192.23,6934.186
2026-04-09 10:50:00+00:00,2192.24,2192.25,2188.1,2191.61,6666.368
2026-04-09 10:55:00+00:00,2191.62,2193.48,2189.5,2189.5,5623.534
2026-04-09 11:00:00+00:00,2189.51,2191.91,2188.6,2190.23,6176.782
2026-04-09 11:05:00+00:00,2190.23,2191.63,2188.26,2188.99,8143.47
2026-04-09 11:10:00+00:00,2188.99,2188.99,2184.01,2184.65,14455.614
2026-04-09 11:15:00+00:00,2184.66,2184.66,2180.69,2182.74,14216.688
2026-04-09 11:20:00+00:00,2182.75,2184.03,2178.6,2180.84,16714.494
2026-04-09 11:25:00+00:00,2180.84,2180.84,2177.0,2179.22,17453.732
2026-04-09 11:30:00+00:00,2179.22,2181.31,2178.36,2179.33,8612.36
2026-04-09 11:35:00+00:00,2179.33,2181.17,2177.07,2180.65,9963.359
2026-04-09 11:40:00+00:00,2180.66,2182.74,2178.0,2180.1,8773.615
2026-04-09 11:45:00+00:00,2180.11,2182.0,2179.71,2181.3,4587.976
2026-04-09 11:50:00+00:00,2181.31,2182.0,2179.15,2179.75,4334.563
2026-04-09 11:55:00+00:00,2179.74,2180.15,2178.45,2179.02,3996.426
2026-04-09 12:00:00+00:00,2179.02,2181.24,2178.87,2180.51,11292.664
2026-04-09 12:05:00+00:00,2180.5,2182.09,2178.73,2181.06,5370.308
2026-04-09 12:10:00+00:00,2181.07,2181.84,2180.0,2180.0,4956.612
2026-04-09 12:15:00+00:00,2180.0,2181.93,2178.75,2178.75,6699.23
2026-04-09 12:20:00+00:00,2178.74,2179.07,2172.42,2175.95,24806.597
2026-04-09 12:25:00+00:00,2175.94,2185.72,2175.8,2183.82,19660.973
2026-04-09 12:30:00+00:00,2183.83,2185.99,2179.53,2181.2,16060.182
2026-04-09 12:35:00+00:00,2181.19,2183.37,2179.0,2179.32,14238.345
2026-04-09 12:40:00+00:00,2179.32,2186.45,2178.32,2182.47,18115.331
2026-04-09 12:45:00+00:00,2182.47,2182.93,2176.35,2179.69,8894.897
2026-04-09 12:50:00+00:00,2179.69,2180.51,2178.6,2179.44,6830.458
2026-04-09 12:55:00+00:00,2179.44,2182.71,2179.2,2182.27,6597.369
2026-04-09 13:00:00+00:00,2182.27,2185.3,2178.66,2179.0,11142.996
2026-04-09 13:05:00+00:00,2179.01,2179.81,2176.26,2177.28,11661.926
2026-04-09 13:10:00+00:00,2177.28,2177.74,2176.52,2176.73,5325.004
2026-04-09 13:15:00+00:00,2176.74,2177.95,2176.24,2177.25,5288.958
2026-04-09 13:20:00+00:00,2177.25,2177.64,2173.0,2176.22,11853.589
2026-04-09 13:25:00+00:00,2176.21,2178.49,2175.22,2177.57,8569.637
2026-04-09 13:30:00+00:00,2177.57,2179.09,2167.11,2171.35,49834.181
2026-04-09 13:35:00+00:00,2171.36,2174.86,2163.32,2168.73,57072.32
2026-04-09 13:40:00+00:00,2168.74,2171.11,2163.27,2168.98,37101.159
2026-04-09 13:45:00+00:00,2168.99,2169.5,2161.03,2166.89,28526.898
2026-04-09 13:50:00+00:00,2166.9,2166.9,2160.68,2162.01,22202.719
2026-04-09 13:55:00+00:00,2162.01,2165.34,2157.4,2164.21,48924.646
2026-04-09 14:00:00+00:00,2164.21,2167.31,2161.02,2165.71,19870.893
2026-04-09 14:05:00+00:00,2165.71,2167.18,2164.13,2164.13,12300.341
2026-04-09 14:10:00+00:00,2164.12,2171.51,2162.01,2168.71,20658.802
2026-04-09 14:15:00+00:00,2168.7,2169.83,2160.2,2161.59,21674.288
2026-04-09 14:20:00+00:00,2161.59,2165.86,2161.13,2165.61,8979.215
2026-04-09 14:25:00+00:00,2165.6,2166.0,2156.0,2162.35,23573.317
2026-04-09 14:30:00+00:00,2162.35,2163.72,2160.0,2162.48,11354.493
2026-04-09 14:35:00+00:00,2162.48,2168.85,2160.66,2167.58,18982.222
2026-04-09 14:40:00+00:00,2167.58,2172.08,2166.65,2170.83,26192.552
2026-04-09 14:45:00+00:00,2170.84,2176.57,2170.83,2175.3,32107.154
2026-04-09 14:50:00+00:00,2175.3,2181.42,2174.35,2177.62,44693.832
2026-04-09 14:55:00+00:00,2177.61,2181.41,2174.28,2176.9,24436.026
2026-04-09 15:00:00+00:00,2176.9,2177.28,2172.27,2173.99,15084.68
2026-04-09 15:05:00+00:00,2174.0,2174.88,2168.2,2168.95,18926.681
2026-04-09 15:10:00+00:00,2168.96,2186.38,2168.76,2184.53,38989.371
2026-04-09 15:15:00+00:00,2184.52,2193.97,2184.22,2187.34,71424.1
2026-04-09 15:20:00+00:00,2187.34,2193.66,2186.38,2188.29,24427.964
2026-04-09 15:25:00+00:00,2188.28,2188.29,2181.82,2183.56,22761.531
2026-04-09 15:30:00+00:00,2183.57,2217.64,2180.52,2216.26,149564.805
2026-04-09 15:35:00+00:00,2216.27,2219.69,2205.12,2206.44,119086.821
2026-04-09 15:40:00+00:00,2206.44,2214.01,2206.1,2212.0,44112.565
2026-04-09 15:45:00+00:00,2211.99,2224.99,2209.04,2213.93,75997.885
2026-04-09 15:50:00+00:00,2213.93,2218.59,2211.85,2216.95,21576.532
2026-04-09 15:55:00+00:00,2216.96,2222.22,2214.4,2217.0,44069.736
2026-04-09 16:00:00+00:00,2216.99,2230.0,2216.99,2225.24,59506.833
2026-04-09 16:05:00+00:00,2225.25,2225.39,2214.74,2214.78,41412.614
2026-04-09 16:10:00+00:00,2214.78,2221.18,2214.2,2214.47,28599.46
2026-04-09 16:15:00+00:00,2214.47,2221.0,2212.0,2218.12,23580.637
2026-04-09 16:20:00+00:00,2218.13,2218.81,2210.13,2211.03,24342.233
2026-04-09 16:25:00+00:00,2211.03,2213.8,2208.69,2208.75,18661.126
2026-04-09 16:30:00+00:00,2208.76,2209.65,2203.3,2203.96,38870.387
2026-04-09 16:35:00+00:00,2203.96,2206.2,2193.61,2197.51,54844.448
2026-04-09 16:40:00+00:00,2197.52,2202.63,2196.0,2201.96,29114.813
2026-04-09 16:45:00+00:00,2201.95,2203.13,2192.0,2195.31,36437.193
2026-04-09 16:50:00+00:00,2195.3,2201.77,2194.58,2200.46,16171.459
2026-04-09 16:55:00+00:00,2200.46,2207.46,2200.34,2207.25,29828.165
2026-04-09 17:00:00+00:00,2207.24,2220.49,2206.25,2218.43,55895.316
2026-04-09 17:05:00+00:00,2218.44,2221.56,2215.43,2219.05,32099.822
2026-04-09 17:10:00+00:00,2219.04,2223.82,2218.72,2222.99,28504.501
2026-04-09 17:15:00+00:00,2223.0,2224.88,2217.72,2218.52,23537.456
2026-04-09 17:20:00+00:00,2218.52,2220.29,2213.31,2215.64,28786.083
2026-04-09 17:25:00+00:00,2215.64,2216.44,2211.16,2214.35,14435.84
2026-04-09 17:30:00+00:00,2214.36,2214.36,2205.13,2209.11,22174.857
2026-04-09 17:35:00+00:00,2209.11,2223.73,2209.11,2220.58,33987.841
2026-04-09 17:40:00+00:00,2220.58,2223.58,2216.71,2219.87,25944.89
2026-04-09 17:45:00+00:00,2219.88,2221.75,2217.59,2219.96,15556.528
2026-04-09 17:50:00+00:00,2219.96,2223.2,2216.47,2221.17,11376.812
2026-04-09 17:55:00+00:00,2221.17,2223.1,2218.21,2221.96,10532.279
2026-04-09 18:00:00+00:00,2221.97,2222.71,2202.62,2206.09,57688.072
2026-04-09 18:05:00+00:00,2206.09,2210.69,2205.0,2209.13,25667.204
2026-04-09 18:10:00+00:00,2209.13,2210.94,2204.72,2206.32,13006.535
2026-04-09 18:15:00+00:00,2206.32,2211.15,2204.61,2208.32,11178.523
2026-04-09 18:20:00+00:00,2208.33,2208.33,2200.65,2203.91,15956.661
2026-04-09 18:25:00+00:00,2203.91,2210.09,2201.01,2208.01,12515.584
2026-04-09 18:30:00+00:00,2208.0,2209.65,2201.23,2205.49,10958.43
2026-04-09 18:35:00+00:00,2205.49,2208.82,2204.13,2207.53,5871.779
2026-04-09 18:40:00+00:00,2207.53,2208.34,2202.64,2204.24,7732.242
2026-04-09 18:45:00+00:00,2204.24,2206.5,2199.5,2206.38,17546.075
2026-04-09 18:50:00+00:00,2206.37,2206.49,2203.62,2205.89,5530.003
2026-04-09 18:55:00+00:00,2205.88,2207.21,2204.94,2206.02,8634.793
2026-04-09 19:00:00+00:00,2206.01,2208.89,2203.39,2208.11,14046.432
2026-04-09 19:05:00+00:00,2208.12,2217.27,2206.46,2215.63,29082.613
2026-04-09 19:10:00+00:00,2215.63,2219.67,2212.91,2214.29,25467.919
2026-04-09 19:15:00+00:00,2214.3,2215.21,2209.2,2210.05,10468.179
2026-04-09 19:20:00+00:00,2210.04,2211.02,2203.28,2204.72,11742.063
2026-04-09 19:25:00+00:00,2204.71,2206.68,2203.2,2206.32,7168.644
2026-04-09 19:30:00+00:00,2206.32,2212.14,2206.31,2208.9,9587.807
2026-04-09 19:35:00+00:00,2208.9,2213.31,2207.5,2213.31,5192.048
2026-04-09 19:40:00+00:00,2213.31,2218.25,2212.82,2216.5,16106.299
2026-04-09 19:45:00+00:00,2216.5,2221.88,2216.49,2220.36,18046.654
2026-04-09 19:50:00+00:00,2220.36,2224.0,2217.55,2219.34,27575.73
2026-04-09 19:55:00+00:00,2219.33,2219.46,2213.29,2215.36,13361.631
2026-04-09 20:00:00+00:00,2215.36,2218.84,2214.48,2216.29,8652.44
2026-04-09 20:05:00+00:00,2216.29,2216.3,2212.12,2214.9,7332.38
2026-04-09 20:10:00+00:00,2214.89,2218.86,2214.28,2218.36,4371.57
2026-04-09 20:15:00+00:00,2218.37,2220.41,2217.0,2218.38,5486.26
2026-04-09 20:20:00+00:00,2218.38,2221.0,2218.0,2219.23,4764.989
2026-04-09 20:25:00+00:00,2219.22,2220.15,2216.18,2216.92,4134.466
2026-04-09 20:30:00+00:00,2216.92,2219.54,2215.56,2218.87,5100.684
2026-04-09 20:35:00+00:00,2218.87,2220.04,2216.7,2217.03,6693.597
2026-04-09 20:40:00+00:00,2217.04,2217.58,2215.06,2216.81,4412.704
2026-04-09 20:45:00+00:00,2216.8,2216.82,2212.22,2212.22,5165.521
2026-04-09 20:50:00+00:00,2212.23,2213.09,2209.79,2213.09,7620.746
2026-04-09 20:55:00+00:00,2213.09,2213.5,2209.21,2212.07,7757.205
2026-04-09 21:00:00+00:00,2212.08,2216.39,2210.15,2215.75,4500.589
2026-04-09 21:05:00+00:00,2215.74,2226.25,2210.55,2210.63,36722.669
2026-04-09 21:10:00+00:00,2210.62,2213.24,2207.6,2212.95,16151.861
2026-04-09 21:15:00+00:00,2212.96,2213.71,2211.0,2211.01,3570.35
2026-04-09 21:20:00+00:00,2211.01,2212.29,2207.06,2212.04,6289.508
2026-04-09 21:25:00+00:00,2212.03,2212.4,2208.73,2208.73,6042.863
2026-04-09 21:30:00+00:00,2208.73,2209.79,2206.58,2209.0,9404.595
2026-04-09 21:35:00+00:00,2209.0,2211.03,2207.14,2208.06,4578.031
2026-04-09 21:40:00+00:00,2208.07,2215.39,2208.07,2215.09,7244.472
2026-04-09 21:45:00+00:00,2215.09,2216.43,2213.34,2215.32,8415.945
2026-04-09 21:50:00+00:00,2215.32,2215.32,2210.47,2210.47,2708.018
2026-04-09 21:55:00+00:00,2210.47,2211.3,2208.64,2209.63,2490.345
2026-04-09 22:00:00+00:00,2209.64,2215.0,2208.67,2213.87,6515.729
2026-04-09 22:05:00+00:00,2213.88,2214.92,2211.24,2214.84,2996.816
2026-04-09 22:10:00+00:00,2214.84,2218.0,2213.58,2217.65,6163.659
2026-04-09 22:15:00+00:00,2217.64,2246.15,2217.42,2231.19,125083.477
2026-04-09 22:20:00+00:00,2231.19,2232.46,2226.29,2229.0,12710.522
2026-04-09 22:25:00+00:00,2229.0,2229.11,2219.12,2220.69,20753.889
2026-04-09 22:30:00+00:00,2220.68,2221.59,2214.57,2217.57,24759.418
2026-04-09 22:35:00+00:00,2217.56,2217.58,2211.07,2211.65,19540.721
2026-04-09 22:40:00+00:00,2211.64,2215.38,2210.41,2210.83,10005.031
2026-04-09 22:45:00+00:00,2210.83,2213.77,2207.21,2212.63,38977.907
2026-04-09 22:50:00+00:00,2212.63,2212.63,2201.11,2205.86,28757.307
2026-04-09 22:55:00+00:00,2205.86,2205.99,2196.26,2196.57,39450.366
2026-04-09 23:00:00+00:00,2196.57,2200.29,2193.18,2195.99,25108.04
2026-04-09 23:05:00+00:00,2196.0,2199.83,2195.56,2197.51,11894.171
2026-04-09 23:10:00+00:00,2197.51,2198.64,2184.36,2189.51,40385.47
2026-04-09 23:15:00+00:00,2189.51,2192.87,2181.8,2192.0,36864.79
2026-04-09 23:20:00+00:00,2191.99,2195.44,2191.99,2192.91,15107.972
2026-04-09 23:25:00+00:00,2192.9,2193.7,2190.57,2190.58,7961.428
2026-04-09 23:30:00+00:00,2190.57,2190.57,2181.7,2186.97,24798.857
2026-04-09 23:35:00+00:00,2186.96,2189.17,2184.46,2188.92,8351.537
2026-04-09 23:40:00+00:00,2188.91,2190.2,2187.24,2188.01,7289.211
2026-04-09 23:45:00+00:00,2188.01,2189.63,2185.0,2188.62,9444.28
2026-04-09 23:50:00+00:00,2188.61,2190.42,2187.24,2189.76,9146.992
2026-04-09 23:55:00+00:00,2189.77,2189.99,2187.14,2188.92,6069.951
2026-04-10 00:00:00+00:00,2188.92,2189.75,2186.52,2187.5,9893.417
2026-04-10 00:05:00+00:00,2187.49,2190.35,2183.41,2187.38,18662.103
2026-04-10 00:10:00+00:00,2187.38,2189.49,2184.64,2187.38,6159.169
2026-04-10 00:15:00+00:00,2187.39,2187.79,2182.06,2182.44,11331.956
2026-04-10 00:20:00+00:00,2182.44,2185.63,2180.34,2183.5,15601.705
2026-04-10 00:25:00+00:00,2183.49,2188.88,2182.07,2188.66,10881.441
2026-04-10 00:30:00+00:00,2188.66,2194.31,2186.48,2190.6,15917.307
2026-04-10 00:35:00+00:00,2190.6,2193.0,2186.99,2189.73,8409.907
2026-04-10 00:40:00+00:00,2189.73,2193.07,2188.92,2191.71,7325.138
2026-04-10 00:45:00+00:00,2191.71,2194.85,2189.71,2192.53,10221.716
2026-04-10 00:50:00+00:00,2192.53,2196.38,2192.24,2193.95,8512.136
2026-04-10 00:55:00+00:00,2193.95,2194.5,2191.07,2193.96,6912.816
2026-04-10 01:00:00+00:00,2193.96,2193.96,2189.22,2190.91,10795.401
2026-04-10 01:05:00+00:00,2190.92,2192.59,2187.72,2192.58,6623.742
2026-04-10 01:10:00+00:00,2192.58,2196.2,2190.85,2192.88,9388.389
2026-04-10 01:15:00+00:00,2192.87,2194.78,2190.01,2191.0,13135.318
2026-04-10 01:20:00+00:00,2191.0,2191.62,2173.81,2183.77,49214.002
2026-04-10 01:25:00+00:00,2183.77,2186.56,2183.55,2185.12,10022.71
2026-04-10 01:30:00+00:00,2185.12,2196.88,2183.44,2196.45,25346.289
2026-04-10 01:35:00+00:00,2196.45,2203.19,2194.87,2201.58,37749.06
2026-04-10 01:40:00+00:00,2201.58,2203.0,2197.23,2198.42,19352.991
2026-04-10 01:45:00+00:00,2198.41,2199.3,2195.57,2198.1,10551.793
2026-04-10 01:50:00+00:00,2198.09,2201.47,2197.36,2198.2,7403.365
2026-04-10 01:55:00+00:00,2198.21,2199.36,2192.64,2193.49,14639.189
2026-04-10 02:00:00+00:00,2193.49,2196.97,2191.38,2191.51,7935.159
2026-04-10 02:05:00+00:00,2191.51,2197.78,2191.09,2196.04,6710.575
2026-04-10 02:10:00+00:00,2196.03,2197.46,2193.95,2194.72,3203.602
2026-04-10 02:15:00+00:00,2194.72,2195.81,2192.76,2193.04,4618.333
2026-04-10 02:20:00+00:00,2193.04,2193.74,2192.42,2193.0,3204.195
2026-04-10 02:25:00+00:00,2193.01,2196.27,2193.0,2195.08,3013.549
2026-04-10 02:30:00+00:00,2195.08,2196.36,2192.82,2194.99,4484.882
2026-04-10 02:35:00+00:00,2195.0,2195.57,2193.37,2194.39,2401.93
2026-04-10 02:40:00+00:00,2194.39,2195.77,2193.09,2194.74,2979.936
2026-04-10 02:45:00+00:00,2194.74,2194.74,2188.79,2189.27,9786.775
2026-04-10 02:50:00+00:00,2189.28,2189.96,2185.64,2187.65,17870.58
2026-04-10 02:55:00+00:00,2187.65,2188.16,2186.17,2187.94,5268.811
2026-04-10 03:00:00+00:00,2187.94,2191.39,2186.53,2189.58,8536.762
2026-04-10 03:05:00+00:00,2189.58,2189.58,2186.0,2187.58,6874.6
2026-04-10 03:10:00+00:00,2187.57,2188.65,2185.43,2185.66,5463.094
2026-04-10 03:15:00+00:00,2185.66,2188.65,2185.0,2186.42,5536.325
2026-04-10 03:20:00+00:00,2186.42,2186.58,2183.33,2184.06,6673.576
2026-04-10 03:25:00+00:00,2184.06,2184.63,2181.9,2181.91,7771.925
2026-04-10 03:30:00+00:00,2181.9,2186.11,2181.42,2184.42,8582.394
2026-04-10 03:35:00+00:00,2184.41,2186.79,2184.12,2185.02,5609.448
2026-04-10 03:40:00+00:00,2185.02,2186.96,2184.87,2186.0,3076.206
2026-04-10 03:45:00+00:00,2186.01,2187.88,2184.61,2185.17,3145.183
2026-04-10 03:50:00+00:00,2185.17,2186.19,2184.07,2185.87,3145.476
2026-04-10 03:55:00+00:00,2185.88,2186.12,2183.87,2185.16,2309.925
2026-04-10 04:00:00+00:00,2185.16,2187.14,2184.79,2186.35,5412.192
2026-04-10 04:05:00+00:00,2186.35,2187.69,2185.37,2186.87,7191.64
2026-04-10 04:10:00+00:00,2186.87,2187.8,2186.37,2186.38,2577.031
2026-04-10 04:15:00+00:00,2186.37,2188.73,2185.72,2187.24,5574.988
2026-04-10 04:20:00+00:00,2187.23,2192.0,2187.23,2188.86,10633.696
2026-04-10 04:25:00+00:00,2188.86,2190.91,2188.6,2189.48,3406.844
2026-04-10 04:30:00+00:00,2189.48,2189.84,2187.58,2188.99,3015.916
2026-04-10 04:35:00+00:00,2188.99,2191.77,2188.35,2189.76,6323.041
2026-04-10 04:40:00+00:00,2189.77,2189.82,2188.37,2189.36,2728.414
2026-04-10 04:45:00+00:00,2189.36,2190.12,2188.57,2189.35,2948.353
2026-04-10 04:50:00+00:00,2189.35,2198.32,2188.25,2194.4,16859.479
2026-04-10 04:55:00+00:00,2194.4,2194.89,2192.76,2194.62,5499.581
2026-04-10 05:00:00+00:00,2194.62,2194.86,2192.33,2194.81,3111.693
2026-04-10 05:05:00+00:00,2194.8,2196.47,2191.83,2193.02,5059.071
2026-04-10 05:10:00+00:00,2193.01,2193.61,2191.44,2193.61,2698.068
2026-04-10 05:15:00+00:00,2193.62,2193.96,2192.1,2193.95,3680.004
2026-04-10 05:20:00+00:00,2193.95,2201.3,2193.95,2200.22,20994.519
2026-04-10 05:25:00+00:00,2200.22,2202.67,2200.1,2200.66,13360.408
2026-04-10 05:30:00+00:00,2200.65,2201.32,2198.4,2198.78,7392.365
2026-04-10 05:35:00+00:00,2198.79,2199.52,2198.0,2199.43,5475.313
2026-04-10 05:40:00+00:00,2199.43,2199.52,2196.67,2197.2,6039.1
2026-04-10 05:45:00+00:00,2197.2,2198.48,2196.9,2198.48,4864.6
2026-04-10 05:50:00+00:00,2198.48,2199.67,2195.82,2196.05,5665.397
2026-04-10 05:55:00+00:00,2196.05,2196.18,2194.35,2196.05,5605.717
2026-04-10 06:00:00+00:00,2196.04,2196.58,2194.69,2196.49,5040.138
2026-04-10 06:05:00+00:00,2196.5,2197.67,2194.56,2194.67,3161.864
2026-04-10 06:10:00+00:00,2194.67,2196.31,2194.15,2196.31,3625.78
2026-04-10 06:15:00+00:00,2196.31,2196.31,2189.33,2190.8,9977.328
2026-04-10 06:20:00+00:00,2190.8,2191.42,2189.35,2190.89,8126.304
2026-04-10 06:25:00+00:00,2190.88,2190.89,2189.0,2189.79,5563.888
2026-04-10 06:30:00+00:00,2189.79,2190.14,2188.15,2190.14,6199.258
2026-04-10 06:35:00+00:00,2190.14,2190.95,2186.03,2189.36,17244.641
2026-04-10 06:40:00+00:00,2189.36,2189.36,2186.25,2187.1,4746.15
2026-04-10 06:45:00+00:00,2187.09,2188.91,2185.31,2185.54,5052.989
2026-04-10 06:50:00+00:00,2185.53,2185.54,2183.27,2183.97,13500.984
2026-04-10 06:55:00+00:00,2183.98,2186.09,2182.91,2185.26,13109.119
2026-04-10 07:00:00+00:00,2185.25,2187.5,2184.85,2185.37,14822.662
2026-04-10 07:05:00+00:00,2185.37,2186.9,2184.6,2185.74,5670.133
2026-04-10 07:10:00+00:00,2185.74,2186.32,2183.0,2183.06,6773.041
2026-04-10 07:15:00+00:00,2183.06,2185.98,2182.85,2185.27,6809.723
2026-04-10 07:20:00+00:00,2185.28,2187.47,2184.7,2186.25,5363.53
2026-04-10 07:25:00+00:00,2186.24,2186.62,2185.02,2186.16,5718.349
2026-04-10 07:30:00+00:00,2186.16,2187.4,2184.81,2186.05,7280.308
2026-04-10 07:35:00+00:00,2186.04,2186.29,2184.14,2184.25,6740.377
2026-04-10 07:40:00+00:00,2184.25,2184.56,2181.42,2182.52,10009.63
2026-04-10 07:45:00+00:00,2182.52,2183.46,2181.27,2181.74,13561.997
2026-04-10 07:50:00+00:00,2181.74,2182.76,2175.25,2176.12,31884.384
2026-04-10 07:55:00+00:00,2176.12,2178.86,2175.69,2178.63,12170.945
2026-04-10 08:00:00+00:00,2178.62,2179.0,2176.04,2176.83,14072.616
2026-04-10 08:05:00+00:00,2176.83,2180.48,2176.35,2180.3,11614.504
2026-04-10 08:10:00+00:00,2180.3,2182.52,2179.24,2180.2,11410.465
2026-04-10 08:15:00+00:00,2180.21,2182.28,2178.96,2182.28,8937.892
2026-04-10 08:20:00+00:00,2182.28,2183.38,2181.12,2183.19,6517.966
2026-04-10 08:25:00+00:00,2183.19,2184.34,2182.15,2182.92,5969.681
2026-04-10 08:30:00+00:00,2182.91,2184.93,2182.15,2183.58,8198.733
2026-04-10 08:35:00+00:00,2183.58,2189.4,2183.25,2188.78,19461.454
2026-04-10 08:40:00+00:00,2188.77,2188.77,2185.86,2185.86,8193.003
2026-04-10 08:45:00+00:00,2185.86,2185.86,2181.03,2182.04,9831.333
2026-04-10 08:50:00+00:00,2182.05,2184.68,2180.16,2184.25,10769.693
2026-04-10 08:55:00+00:00,2184.25,2185.54,2183.5,2184.68,4311.961
2026-04-10 09:00:00+00:00,2184.68,2187.64,2184.68,2187.4,6461.602
2026-04-10 09:05:00+00:00,2187.4,2188.72,2185.49,2185.87,7999.399
2026-04-10 09:10:00+00:00,2185.86,2187.5,2185.14,2187.25,4946.873
2026-04-10 09:15:00+00:00,2187.25,2195.92,2187.0,2194.12,25819.294
2026-04-10 09:20:00+00:00,2194.12,2197.0,2192.76,2193.2,28696.586
2026-04-10 09:25:00+00:00,2193.21,2193.84,2190.47,2193.0,15706.049
2026-04-10 09:30:00+00:00,2193.0,2193.47,2191.31,2192.86,5226.981
2026-04-10 09:35:00+00:00,2192.86,2194.19,2191.54,2192.88,4667.107
2026-04-10 09:40:00+00:00,2192.88,2192.88,2191.48,2192.39,4192.74
2026-04-10 09:45:00+00:00,2192.38,2192.44,2190.8,2192.2,6593.132
2026-04-10 09:50:00+00:00,2192.2,2194.99,2191.88,2194.8,5078.632
2026-04-10 09:55:00+00:00,2194.81,2195.99,2194.05,2195.19,5471.17
2026-04-10 10:00:00+00:00,2195.19,2195.31,2193.53,2194.17,4037.895
2026-04-10 10:05:00+00:00,2194.17,2194.45,2190.01,2192.08,10601.823
2026-04-10 10:10:00+00:00,2192.08,2192.99,2191.43,2192.54,5937.849
2026-04-10 10:15:00+00:00,2192.53,2193.42,2191.5,2193.38,3749.728
2026-04-10 10:20:00+00:00,2193.37,2193.38,2190.92,2191.19,4338.26
2026-04-10 10:25:00+00:00,2191.18,2192.82,2190.24,2190.48,4835.962
2026-04-10 10:30:00+00:00,2190.47,2191.8,2190.34,2191.62,3373.591
2026-04-10 10:35:00+00:00,2191.62,2191.97,2189.3,2191.86,4552.762
2026-04-10 10:40:00+00:00,2191.85,2193.94,2191.31,2192.59,6638.756
2026-04-10 10:45:00+00:00,2192.58,2194.4,2191.89,2193.97,8139.49
2026-04-10 10:50:00+00:00,2193.96,2196.64,2193.74,2196.15,10408.294
2026-04-10 10:55:00+00:00,2196.15,2197.26,2195.82,2196.0,7743.21
2026-04-10 11:00:00+00:00,2195.99,2201.62,2195.83,2200.01,23633.515
2026-04-10 11:05:00+00:00,2200.01,2211.52,2199.95,2209.15,44145.71
2026-04-10 11:10:00+00:00,2209.14,2211.98,2206.79,2209.99,28824.936
2026-04-10 11:15:00+00:00,2210.0,2215.48,2209.37,2212.08,37671.138
2026-04-10 11:20:00+00:00,2212.08,2214.62,2211.99,2214.51,16445.248
2026-04-10 11:25:00+00:00,2214.52,2217.15,2212.38,2216.28,16329.305
2026-04-10 11:30:00+00:00,2216.27,2218.26,2213.04,2214.43,32323.091
2026-04-10 11:35:00+00:00,2214.43,2220.95,2214.29,2220.08,31597.657
2026-04-10 11:40:00+00:00,2220.08,2220.39,2215.32,2216.78,18949.809
2026-04-10 11:45:00+00:00,2216.78,2223.0,2215.18,2220.51,20583.545
2026-04-10 11:50:00+00:00,2220.51,2221.58,2217.24,2217.47,12021.573
2026-04-10 11:55:00+00:00,2217.47,2218.46,2214.23,2214.72,15060.333
2026-04-10 12:00:00+00:00,2214.71,2219.0,2214.71,2219.0,14350.044
2026-04-10 12:05:00+00:00,2218.99,2220.38,2215.62,2216.49,10268.897
2026-04-10 12:10:00+00:00,2216.48,2217.12,2215.2,2215.6,10730.315
2026-04-10 12:15:00+00:00,2215.6,2218.7,2214.2,2217.17,15038.049
2026-04-10 12:20:00+00:00,2217.16,2220.68,2211.27,2214.95,24979.199
2026-04-10 12:25:00+00:00,2214.96,2218.85,2208.42,2215.39,38394.515
2026-04-10 12:30:00+00:00,2215.4,2222.73,2206.77,2218.9,110771.268
2026-04-10 12:35:00+00:00,2218.89,2219.76,2214.95,2219.47,12671.639
2026-04-10 12:40:00+00:00,2219.47,2227.85,2219.32,2223.55,46608.04
2026-04-10 12:45:00+00:00,2223.54,2225.0,2221.13,2225.0,10875.365
2026-04-10 12:50:00+00:00,2225.0,2225.0,2217.27,2217.57,14717.816
2026-04-10 12:55:00+00:00,2217.58,2219.47,2216.61,2217.86,6701.54
2026-04-10 13:00:00+00:00,2217.86,2218.1,2215.23,2216.27,13857.542
2026-04-10 13:05:00+00:00,2216.28,2218.88,2214.66,2218.0,11382.842
2026-04-10 13:10:00+00:00,2218.0,2219.89,2217.44,2217.83,4444.948
2026-04-10 13:15:00+00:00,2217.83,2218.09,2215.01,2216.83,5409.178
2026-04-10 13:20:00+00:00,2216.83,2220.42,2216.2,2219.05,7440.124
2026-04-10 13:25:00+00:00,2219.06,2220.36,2218.06,2218.79,4667.871
2026-04-10 13:30:00+00:00,2218.8,2221.86,2211.41,2212.72,27757.546
2026-04-10 13:35:00+00:00,2212.72,2213.96,2207.2,2208.34,36052.697
2026-04-10 13:40:00+00:00,2208.33,2214.53,2207.44,2214.53,15175.516
2026-04-10 13:45:00+00:00,2214.53,2223.43,2212.21,2221.28,25707.46
2026-04-10 13:50:00+00:00,2221.28,2221.85,2214.59,2221.57,13114.519
2026-04-10 13:55:00+00:00,2221.58,2224.23,2221.12,2221.65,13298.603
2026-04-10 14:00:00+00:00,2221.64,2224.68,2218.69,2221.38,17989.333
2026-04-10 14:05:00+00:00,2221.39,2227.96,2221.39,2222.55,21772.39
2026-04-10 14:10:00+00:00,2222.56,2236.09,2220.86,2232.99,62437.879
2026-04-10 14:15:00+00:00,2232.99,2244.99,2232.99,2239.63,112691.31
2026-04-10 14:20:00+00:00,2239.63,2249.57,2239.45,2249.36,74968.855
2026-04-10 14:25:00+00:00,2249.37,2252.99,2241.53,2243.56,59023.26
2026-04-10 14:30:00+00:00,2243.55,2249.63,2243.55,2248.58,29431.255
2026-04-10 14:35:00+00:00,2248.57,2252.0,2243.98,2245.79,35281.976
2026-04-10 14:40:00+00:00,2245.79,2246.31,2235.2,2238.17,63333.202
2026-04-10 14:45:00+00:00,2238.17,2241.27,2235.28,2235.63,22119.07
2026-04-10 14:50:00+00:00,2235.63,2246.19,2235.63,2241.31,19220.153
2026-04-10 14:55:00+00:00,2241.32,2242.0,2236.35,2241.17,19577.342
2026-04-10 15:00:00+00:00,2241.17,2244.2,2239.34,2239.36,14014.846
2026-04-10 15:05:00+00:00,2239.37,2247.88,2237.5,2246.45,18669.621
2026-04-10 15:10:00+00:00,2246.46,2248.26,2242.1,2243.16,12870.196
2026-04-10 15:15:00+00:00,2243.16,2244.64,2239.78,2243.55,11690.178
2026-04-10 15:20:00+00:00,2243.54,2257.55,2242.21,2253.09,52717.648
2026-04-10 15:25:00+00:00,2253.09,2253.45,2235.29,2236.41,50908.559
2026-04-10 15:30:00+00:00,2236.42,2239.31,2233.11,2233.55,39861.472
2026-04-10 15:35:00+00:00,2233.56,2234.42,2229.32,2232.54,37384.498
2026-04-10 15:40:00+00:00,2232.55,2232.55,2226.53,2231.8,29822.111
2026-04-10 15:45:00+00:00,2231.79,2232.0,2223.74,2226.43,31503.436
2026-04-10 15:50:00+00:00,2226.44,2229.26,2222.53,2223.05,26003.583
2026-04-10 15:55:00+00:00,2223.04,2225.69,2219.1,2223.23,37566.699
2026-04-10 16:00:00+00:00,2223.23,2226.58,2220.03,2225.04,24157.182
2026-04-10 16:05:00+00:00,2225.03,2227.55,2223.76,2226.18,17767.079
2026-04-10 16:10:00+00:00,2226.19,2231.5,2226.19,2230.14,21230.474
2026-04-10 16:15:00+00:00,2230.13,2241.91,2229.17,2238.69,43685.43
2026-04-10 16:20:00+00:00,2238.7,2242.88,2232.1,2240.11,30014.603
2026-04-10 16:25:00+00:00,2240.11,2240.11,2237.0,2240.09,12687.036
2026-04-10 16:30:00+00:00,2240.09,2240.95,2234.19,2239.64,11829.912
2026-04-10 16:35:00+00:00,2239.64,2240.25,2236.17,2236.74,8292.486
2026-04-10 16:40:00+00:00,2236.73,2236.95,2233.44,2235.7,9070.441
2026-04-10 16:45:00+00:00,2235.7,2240.53,2235.7,2238.02,7699.502
2026-04-10 16:50:00+00:00,2238.03,2243.56,2237.76,2240.5,11848.911
2026-04-10 16:55:00+00:00,2240.5,2246.0,2240.25,2244.0,26514.496
2026-04-10 17:00:00+00:00,2243.99,2246.28,2240.86,2241.82,14915.316
2026-04-10 17:05:00+00:00,2241.81,2244.3,2240.59,2242.62,8728.61
2026-04-10 17:10:00+00:00,2242.62,2242.66,2238.35,2240.96,11777.079
2026-04-10 17:15:00+00:00,2240.95,2244.27,2239.06,2242.01,7856.088
2026-04-10 17:20:00+00:00,2242.01,2244.29,2240.39,2242.69,6510.485
2026-04-10 17:25:00+00:00,2242.69,2245.86,2241.71,2243.23,11209.534
2026-04-10 17:30:00+00:00,2243.22,2243.22,2240.21,2240.54,8849.801
2026-04-10 17:35:00+00:00,2240.54,2241.56,2237.65,2240.76,9186.06
2026-04-10 17:40:00+00:00,2240.75,2241.28,2237.96,2241.2,5464.953
2026-04-10 17:45:00+00:00,2241.19,2244.35,2240.6,2243.08,9136.542
2026-04-10 17:50:00+00:00,2243.08,2248.0,2242.72,2246.0,14317.632
2026-04-10 17:55:00+00:00,2245.99,2247.82,2245.59,2247.18,6365.797
2026-04-10 18:00:00+00:00,2247.17,2247.82,2239.03,2239.85,15602.113
2026-04-10 18:05:00+00:00,2239.85,2243.78,2237.51,2243.43,10036.975
2026-04-10 18:10:00+00:00,2243.43,2247.05,2242.81,2247.05,4853.892
2026-04-10 18:15:00+00:00,2247.04,2250.62,2242.93,2244.77,19920.587
2026-04-10 18:20:00+00:00,2244.76,2247.51,2244.27,2244.27,4420.632
2026-04-10 18:25:00+00:00,2244.27,2247.39,2242.09,2246.71,7715.809
2026-04-10 18:30:00+00:00,2246.71,2248.35,2244.66,2244.66,5524.383
2026-04-10 18:35:00+00:00,2244.66,2246.09,2243.0,2244.37,4280.651
2026-04-10 18:40:00+00:00,2244.37,2245.08,2242.3,2244.11,4603.158
2026-04-10 18:45:00+00:00,2244.11,2245.76,2243.46,2244.39,4273.711
2026-04-10 18:50:00+00:00,2244.39,2247.5,2244.11,2247.16,3067.352
2026-04-10 18:55:00+00:00,2247.17,2249.25,2246.5,2248.01,6631.642
2026-04-10 19:00:00+00:00,2248.0,2249.3,2247.18,2247.72,6125.06
2026-04-10 19:05:00+00:00,2247.71,2251.0,2247.42,2248.2,10650.316
2026-04-10 19:10:00+00:00,2248.2,2254.67,2248.2,2252.98,17915.274
2026-04-10 19:15:00+00:00,2252.98,2253.2,2250.15,2251.54,7089.997
2026-04-10 19:20:00+00:00,2251.54,2251.82,2246.42,2247.99,8467.102
2026-04-10 19:25:00+00:00,2247.99,2248.28,2246.48,2246.66,3768.748
2026-04-10 19:30:00+00:00,2246.66,2246.66,2243.0,2245.35,9461.813
2026-04-10 19:35:00+00:00,2245.34,2245.6,2243.4,2244.09,3157.597
2026-04-10 19:40:00+00:00,2244.09,2244.45,2242.0,2243.57,5794.126
2026-04-10 19:45:00+00:00,2243.57,2245.53,2242.62,2245.52,7450.777
2026-04-10 19:50:00+00:00,2245.52,2250.69,2245.26,2249.21,8316.673
2026-04-10 19:55:00+00:00,2249.21,2253.7,2248.8,2251.8,9199.488
2026-04-10 20:00:00+00:00,2251.8,2253.0,2250.23,2252.69,7647.943
2026-04-10 20:05:00+00:00,2252.7,2254.15,2249.85,2254.06,8225.088
2026-04-10 20:10:00+00:00,2254.05,2254.05,2250.46,2252.11,5421.761
2026-04-10 20:15:00+00:00,2252.1,2254.06,2250.3,2253.49,6105.605
2026-04-10 20:20:00+00:00,2253.49,2253.57,2249.7,2250.36,4357.601
2026-04-10 20:25:00+00:00,2250.36,2251.82,2250.05,2251.17,4994.065
2026-04-10 20:30:00+00:00,2251.18,2255.89,2248.88,2250.13,19528.395
2026-04-10 20:35:00+00:00,2250.14,2251.38,2241.48,2242.23,23587.515
2026-04-10 20:40:00+00:00,2242.22,2246.56,2241.68,2246.35,7607.519
2026-04-10 20:45:00+00:00,2246.35,2248.52,2243.18,2247.49,6925.16
2026-04-10 20:50:00+00:00,2247.48,2249.12,2246.6,2248.69,6858.783
2026-04-10 20:55:00+00:00,2248.69,2255.88,2248.69,2254.04,28575.529
2026-04-10 21:00:00+00:00,2254.03,2254.55,2253.09,2254.28,8437.208
2026-04-10 21:05:00+00:00,2254.28,2254.28,2245.0,2247.71,14018.142
2026-04-10 21:10:00+00:00,2247.7,2247.72,2243.48,2245.0,9128.933
2026-04-10 21:15:00+00:00,2245.0,2245.39,2243.71,2245.29,3906.742
2026-04-10 21:20:00+00:00,2245.29,2249.26,2244.88,2247.48,6171.122
2026-04-10 21:25:00+00:00,2247.48,2247.63,2245.96,2245.97,2466.398
2026-04-10 21:30:00+00:00,2245.96,2246.11,2244.59,2245.13,2312.824
2026-04-10 21:35:00+00:00,2245.13,2248.28,2245.13,2246.73,3339.009
2026-04-10 21:40:00+00:00,2246.73,2250.38,2240.31,2248.04,19075.804
2026-04-10 21:45:00+00:00,2248.04,2249.75,2245.99,2248.38,5302.376
2026-04-10 21:50:00+00:00,2248.39,2253.06,2248.38,2251.88,4609.489
2026-04-10 21:55:00+00:00,2251.88,2254.48,2251.85,2253.72,5821.67
2026-04-10 22:00:00+00:00,2253.72,2254.0,2249.57,2253.1,6247.952
2026-04-10 22:05:00+00:00,2253.11,2254.14,2250.75,2250.9,3601.981
2026-04-10 22:10:00+00:00,2250.9,2252.09,2250.81,2251.3,2860.728
2026-04-10 22:15:00+00:00,2251.31,2252.69,2248.47,2248.9,5044.343
2026-04-10 22:20:00+00:00,2248.9,2248.9,2246.08,2246.36,9351.423
2026-04-10 22:25:00+00:00,2246.36,2247.0,2246.01,2246.38,3297.491
2026-04-10 22:30:00+00:00,2246.38,2246.54,2244.85,2245.04,4473.944
2026-04-10 22:35:00+00:00,2245.04,2245.88,2233.74,2238.21,53544.77
2026-04-10 22:40:00+00:00,2238.21,2240.18,2235.25,2239.86,11023.439
2026-04-10 22:45:00+00:00,2239.86,2241.55,2239.86,2240.48,4809.139
2026-04-10 22:50:00+00:00,2240.48,2242.02,2240.47,2241.25,2951.41
2026-04-10 22:55:00+00:00,2241.26,2241.8,2241.04,2241.2,2044.236
2026-04-10 23:00:00+00:00,2241.21,2241.21,2238.81,2239.73,5385.423
2026-04-10 23:05:00+00:00,2239.74,2241.48,2239.71,2239.71,2440.264
2026-04-10 23:10:00+00:00,2239.71,2241.2,2238.08,2240.74,4084.231
2026-04-10 23:15:00+00:00,2240.74,2241.23,2239.04,2239.73,3730.648
2026-04-10 23:20:00+00:00,2239.73,2243.5,2239.73,2241.12,6978.972
2026-04-10 23:25:00+00:00,2241.12,2242.63,2241.02,2242.08,1688.87
2026-04-10 23:30:00+00:00,2242.08,2242.08,2240.01,2241.66,1642.159
2026-04-10 23:35:00+00:00,2241.65,2242.84,2241.06,2241.63,3791.284
2026-04-10 23:40:00+00:00,2241.62,2243.12,2240.74,2242.53,2720.591
2026-04-10 23:45:00+00:00,2242.54,2244.26,2242.16,2243.79,3866.612
2026-04-10 23:50:00+00:00,2243.79,2244.42,2241.96,2241.97,4101.827
2026-04-10 23:55:00+00:00,2241.96,2244.11,2241.96,2243.9,4864.731
2026-04-11 00:00:00+00:00,2243.91,2243.91,2238.28,2238.89,9094.721
2026-04-11 00:05:00+00:00,2238.9,2241.0,2238.18,2240.01,4326.615
2026-04-11 00:10:00+00:00,2240.01,2241.74,2239.92,2240.6,2147.085
2026-04-11 00:15:00+00:00,2240.61,2241.1,2239.61,2240.19,3135.463
2026-04-11 00:20:00+00:00,2240.2,2240.99,2237.08,2238.94,5961.453
2026-04-11 00:25:00+00:00,2238.94,2239.34,2237.83,2238.4,1800.236
2026-04-11 00:30:00+00:00,2238.4,2238.4,2235.43,2235.84,7477.766
2026-04-11 00:35:00+00:00,2235.84,2238.58,2235.75,2238.58,3130.72
2026-04-11 00:40:00+00:00,2238.58,2239.11,2236.2,2236.35,3901.44
2026-04-11 00:45:00+00:00,2236.35,2237.0,2234.44,2236.99,5310.993
2026-04-11 00:50:00+00:00,2236.99,2238.52,2236.38,2237.73,5229.03
2026-04-11 00:55:00+00:00,2237.72,2237.79,2237.1,2237.61,2012.242
2026-04-11 01:00:00+00:00,2237.61,2238.49,2235.25,2235.86,4931.057
2026-04-11 01:05:00+00:00,2235.87,2240.25,2235.86,2239.82,3032.232
2026-04-11 01:10:00+00:00,2239.82,2239.82,2237.15,2237.62,2545.771
2026-04-11 01:15:00+00:00,2237.62,2237.62,2233.33,2235.71,7851.861
2026-04-11 01:20:00+00:00,2235.72,2235.72,2234.05,2235.0,3346.207
2026-04-11 01:25:00+00:00,2234.99,2238.37,2234.94,2237.78,3045.299
2026-04-11 01:30:00+00:00,2237.79,2242.65,2237.42,2241.3,8660.755
2026-04-11 01:35:00+00:00,2241.29,2241.39,2238.72,2239.86,2287.964
2026-04-11 01:40:00+00:00,2239.87,2240.94,2239.26,2240.24,1678.948
2026-04-11 01:45:00+00:00,2240.25,2245.0,2240.25,2244.44,9503.487
2026-04-11 01:50:00+00:00,2244.45,2245.44,2242.82,2243.47,5047.25
2026-04-11 01:55:00+00:00,2243.48,2244.05,2242.04,2243.24,3846.081
2026-04-11 02:00:00+00:00,2243.24,2244.0,2240.7,2242.01,3408.95
2026-04-11 02:05:00+00:00,2242.02,2246.51,2241.29,2243.38,6653.381
2026-04-11 02:10:00+00:00,2243.38,2244.53,2242.88,2243.4,3262.622
2026-04-11 02:15:00+00:00,2243.4,2247.44,2243.09,2246.74,4605.169
2026-04-11 02:20:00+00:00,2246.74,2246.75,2245.66,2245.67,3458.533
2026-04-11 02:25:00+00:00,2245.67,2248.3,2245.66,2247.99,5393.718
2026-04-11 02:30:00+00:00,2247.99,2251.33,2246.43,2247.34,15988.016
2026-04-11 02:35:00+00:00,2247.33,2247.33,2245.29,2246.77,4937.956
2026-04-11 02:40:00+00:00,2246.76,2247.5,2245.28,2245.55,3651.762
2026-04-11 02:45:00+00:00,2245.56,2245.56,2244.06,2244.07,2910.355
2026-04-11 02:50:00+00:00,2244.06,2245.5,2244.06,2244.65,3270.261
2026-04-11 02:55:00+00:00,2244.65,2247.0,2244.65,2247.0,2208.554
2026-04-11 03:00:00+00:00,2247.0,2248.35,2246.03,2246.42,4263.623
2026-04-11 03:05:00+00:00,2246.42,2246.47,2245.31,2246.47,1740.318
2026-04-11 03:10:00+00:00,2246.47,2249.47,2246.46,2248.53,5583.274
2026-04-11 03:15:00+00:00,2248.54,2248.73,2247.18,2247.82,2809.978
2026-04-11 03:20:00+00:00,2247.81,2248.5,2246.72,2246.72,2168.324
2026-04-11 03:25:00+00:00,2246.71,2247.24,2246.21,2246.49,2890.629
2026-04-11 03:30:00+00:00,2246.49,2246.88,2244.39,2244.5,2948.115
2026-04-11 03:35:00+00:00,2244.49,2244.49,2243.15,2243.59,4515.163
2026-04-11 03:40:00+00:00,2243.59,2246.14,2243.0,2243.83,3164.974
2026-04-11 03:45:00+00:00,2243.83,2244.46,2242.39,2244.06,10529.941
2026-04-11 03:50:00+00:00,2244.06,2244.06,2240.59,2241.13,7078.146
2026-04-11 03:55:00+00:00,2241.13,2241.23,2233.65,2235.94,47094.761
2026-04-11 04:00:00+00:00,2235.94,2238.35,2233.92,2237.79,19326.91
2026-04-11 04:05:00+00:00,2237.79,2241.68,2237.78,2239.38,9194.292
2026-04-11 04:10:00+00:00,2239.38,2240.0,2236.92,2237.07,4307.74
2026-04-11 04:15:00+00:00,2237.06,2238.66,2235.01,2237.59,7392.961
2026-04-11 04:20:00+00:00,2237.59,2238.24,2237.17,2237.78,3225.979
2026-04-11 04:25:00+00:00,2237.78,2238.72,2236.07,2237.99,2870.814
2026-04-11 04:30:00+00:00,2237.98,2240.71,2237.98,2239.26,3987.306
2026-04-11 04:35:00+00:00,2239.26,2239.99,2238.0,2239.56,2559.743
2026-04-11 04:40:00+00:00,2239.56,2239.79,2238.05,2239.17,1668.513
2026-04-11 04:45:00+00:00,2239.17,2239.83,2238.26,2239.62,4300.353
2026-04-11 04:50:00+00:00,2239.61,2240.46,2239.26,2240.0,2389.026
2026-04-11 04:55:00+00:00,2240.0,2240.14,2239.32,2239.72,1392.326
2026-04-11 05:00:00+00:00,2239.73,2240.62,2238.35,2238.35,1918.445
2026-04-11 05:05:00+00:00,2238.36,2239.16,2235.71,2235.99,4015.947
2026-04-11 05:10:00+00:00,2235.99,2236.62,2228.0,2229.95,42013.561
2026-04-11 05:15:00+00:00,2229.95,2233.36,2227.03,2231.88,20189.292
2026-04-11 05:20:00+00:00,2231.88,2233.5,2231.88,2233.04,4809.45
2026-04-11 05:25:00+00:00,2233.04,2234.57,2232.1,2234.51,7052.334
2026-04-11 05:30:00+00:00,2234.52,2236.0,2234.0,2234.0,6720.841
2026-04-11 05:35:00+00:00,2234.0,2234.43,2233.03,2234.13,3097.932
2026-04-11 05:40:00+00:00,2234.13,2235.22,2233.79,2233.79,3381.678
2026-04-11 05:45:00+00:00,2233.79,2234.06,2232.47,2232.69,4300.734
2026-04-11 05:50:00+00:00,2232.69,2234.11,2232.35,2234.08,6316.6
2026-04-11 05:55:00+00:00,2234.08,2234.11,2231.42,2231.43,5601.178
2026-04-11 06:00:00+00:00,2231.43,2231.43,2228.26,2230.79,14805.367
2026-04-11 06:05:00+00:00,2230.8,2232.22,2229.41,2230.0,9780.192
2026-04-11 06:10:00+00:00,2230.0,2232.83,2229.8,2230.49,7891.02
2026-04-11 06:15:00+00:00,2230.5,2232.4,2230.49,2231.47,3552.981
2026-04-11 06:20:00+00:00,2231.47,2232.71,2231.0,2231.7,4120.16
2026-04-11 06:25:00+00:00,2231.69,2231.88,2228.47,2230.67,8639.98
2026-04-11 06:30:00+00:00,2230.67,2232.16,2230.46,2230.78,6194.38
2026-04-11 06:35:00+00:00,2230.78,2233.31,2230.77,2232.74,3866.698
2026-04-11 06:40:00+00:00,2232.74,2233.17,2232.2,2232.77,3404.406
2026-04-11 06:45:00+00:00,2232.76,2234.14,2231.94,2234.13,13826.199
2026-04-11 06:50:00+00:00,2234.13,2235.39,2233.9,2234.74,5971.521
2026-04-11 06:55:00+00:00,2234.75,2235.45,2234.09,2234.72,3114.279
2026-04-11 07:00:00+00:00,2234.72,2234.99,2233.21,2234.02,3767.153
2026-04-11 07:05:00+00:00,2234.03,2234.03,2232.47,2233.24,3450.114
2026-04-11 07:10:00+00:00,2233.24,2233.44,2231.86,2233.01,4062.522
2026-04-11 07:15:00+00:00,2233.02,2233.62,2232.46,2232.75,3743.143
2026-04-11 07:20:00+00:00,2232.75,2235.0,2232.74,2234.99,2508.437
2026-04-11 07:25:00+00:00,2235.0,2235.48,2234.02,2234.15,3726.335
2026-04-11 07:30:00+00:00,2234.16,2234.24,2233.44,2233.85,1995.729
2026-04-11 07:35:00+00:00,2233.84,2233.85,2232.37,2233.35,2713.366
2026-04-11 07:40:00+00:00,2233.35,2233.36,2230.72,2231.2,4790.167
2026-04-11 07:45:00+00:00,2231.2,2231.21,2229.71,2230.14,4801.338
2026-04-11 07:50:00+00:00,2230.13,2230.56,2229.8,2230.51,3168.782
2026-04-11 07:55:00+00:00,2230.52,2231.68,2230.52,2231.68,3531.827
2026-04-11 08:00:00+00:00,2231.68,2232.19,2231.14,2231.83,3834.341
2026-04-11 08:05:00+00:00,2231.84,2232.45,2231.24,2232.38,3445.553
2026-04-11 08:10:00+00:00,2232.38,2233.99,2232.37,2232.83,3107.523
2026-04-11 08:15:00+00:00,2232.83,2232.83,2232.31,2232.31,1701.992
2026-04-11 08:20:00+00:00,2232.31,2234.21,2232.31,2232.5,4328.637
2026-04-11 08:25:00+00:00,2232.51,2233.3,2232.37,2232.55,4238.602
2026-04-11 08:30:00+00:00,2232.56,2233.91,2232.55,2232.83,2223.764
2026-04-11 08:35:00+00:00,2232.83,2232.84,2231.47,2232.52,1873.322
2026-04-11 08:40:00+00:00,2232.52,2232.97,2230.79,2232.62,3452.989
2026-04-11 08:45:00+00:00,2232.62,2234.06,2232.61,2233.55,4188.731
2026-04-11 08:50:00+00:00,2233.56,2233.56,2231.09,2232.09,3464.746
2026-04-11 08:55:00+00:00,2232.09,2232.32,2231.51,2231.51,933.58
2026-04-11 09:00:00+00:00,2231.51,2232.32,2230.69,2231.99,2847.29
2026-04-11 09:05:00+00:00,2231.98,2232.32,2231.13,2232.01,3129.896
2026-04-11 09:10:00+00:00,2232.01,2234.0,2231.99,2233.99,2214.633
2026-04-11 09:15:00+00:00,2234.0,2247.29,2233.99,2243.74,87779.755
2026-04-11 09:20:00+00:00,2243.75,2248.28,2242.82,2244.81,22199.65
2026-04-11 09:25:00+00:00,2244.8,2245.87,2244.04,2244.58,7809.417
2026-04-11 09:30:00+00:00,2244.59,2244.59,2239.54,2239.9,11711.26
2026-04-11 09:35:00+00:00,2239.9,2243.86,2239.43,2242.78,8946.396
2026-04-11 09:40:00+00:00,2242.79,2243.95,2240.93,2241.28,4945.822
2026-04-11 09:45:00+00:00,2241.28,2243.27,2241.27,2241.51,2813.683
2026-04-11 09:50:00+00:00,2241.5,2242.56,2240.88,2241.11,4623.678
2026-04-11 09:55:00+00:00,2241.12,2242.7,2241.11,2242.5,4333.378
2026-04-11 10:00:00+00:00,2242.5,2243.97,2241.08,2241.51,4138.628
2026-04-11 10:05:00+00:00,2241.52,2242.22,2240.86,2242.0,4245.476
2026-04-11 10:10:00+00:00,2242.01,2242.01,2236.7,2238.83,11373.811
2026-04-11 10:15:00+00:00,2238.83,2239.63,2236.19,2239.14,9560.767
2026-04-11 10:20:00+00:00,2239.15,2240.5,2239.14,2240.32,2917.321
2026-04-11 10:25:00+00:00,2240.33,2240.96,2240.0,2240.09,2096.904
2026-04-11 10:30:00+00:00,2240.09,2240.71,2239.88,2240.27,2678.305
2026-04-11 10:35:00+00:00,2240.28,2240.81,2238.06,2239.21,5110.902
2026-04-11 10:40:00+00:00,2239.21,2239.21,2237.23,2237.72,4408.386
2026-04-11 10:45:00+00:00,2237.72,2237.97,2236.71,2237.97,3054.93
2026-04-11 10:50:00+00:00,2237.97,2239.64,2237.96,2239.64,2080.436
2026-04-11 10:55:00+00:00,2239.64,2239.71,2238.68,2239.11,1901.302
2026-04-11 11:00:00+00:00,2239.11,2239.53,2238.21,2239.53,1464.086
2026-04-11 11:05:00+00:00,2239.52,2241.37,2239.51,2240.32,4117.772
2026-04-11 11:10:00+00:00,2240.32,2240.35,2238.87,2239.24,2651.848
2026-04-11 11:15:00+00:00,2239.24,2239.85,2237.31,2237.88,3852.802
2026-04-11 11:20:00+00:00,2237.88,2240.23,2237.54,2240.05,2530.886
2026-04-11 11:25:00+00:00,2240.05,2240.06,2238.01,2238.01,3176.702
2026-04-11 11:30:00+00:00,2238.01,2239.07,2237.59,2238.37,3374.511
2026-04-11 11:35:00+00:00,2238.37,2239.69,2238.36,2239.56,1875.781
2026-04-11 11:40:00+00:00,2239.57,2242.36,2239.15,2241.63,4343.513
2026-04-11 11:45:00+00:00,2241.64,2243.81,2240.79,2242.65,7310.592
2026-04-11 11:50:00+00:00,2242.65,2246.0,2242.64,2245.51,12131.763
2026-04-11 11:55:00+00:00,2245.51,2245.66,2244.23,2245.0,6075.533
2026-04-11 12:00:00+00:00,2245.0,2245.21,2243.12,2243.4,5419.461
2026-04-11 12:05:00+00:00,2243.41,2245.0,2243.4,2243.56,4115.953
2026-04-11 12:10:00+00:00,2243.57,2243.91,2242.3,2243.35,4043.78
2026-04-11 12:15:00+00:00,2243.36,2243.78,2242.55,2242.56,1959.465
2026-04-11 12:20:00+00:00,2242.55,2242.79,2240.05,2240.25,4987.595
2026-04-11 12:25:00+00:00,2240.25,2241.66,2239.65,2241.39,2860.3
2026-04-11 12:30:00+00:00,2241.39,2244.33,2241.05,2244.32,2555.69
2026-04-11 12:35:00+00:00,2244.33,2245.74,2242.71,2242.79,5711.045
2026-04-11 12:40:00+00:00,2242.8,2244.3,2242.79,2244.25,2136.453
2026-04-11 12:45:00+00:00,2244.25,2245.14,2243.63,2244.6,3893.424
2026-04-11 12:50:00+00:00,2244.59,2245.08,2244.02,2244.03,2335.843
2026-04-11 12:55:00+00:00,2244.03,2244.25,2243.43,2244.25,2429.709
2026-04-11 13:00:00+00:00,2244.25,2244.31,2240.02,2240.88,8129.377
2026-04-11 13:05:00+00:00,2240.88,2241.54,2238.23,2238.76,8875.486
